Timestamp,I,Q,n,x_1,x_2,x_3
2026-05-06 00:00:00,51.813991528886454,104.79856725708126,78.02680139517945,0.46501289349584307,25.98319793010357,20.443471542386746
2026-05-06 00:00:30,46.097422619995584,94.42892624857011,64.04474629464313,0.6,23.193320011120527,15.574810668418426
2026-05-06 00:01:00,54.860579159202686,93.56052232848909,64.13445039314271,0.3362931770767701,29.647212006406036,14.992554852594754
2026-05-06 00:01:30,52.651478931624034,85.40645694696147,72.55814273517129,0.6,24.088044689613334,17.249502763995558
2026-05-06 00:02:00,51.52599911605385,100.53499347207506,72.2346506409889,0.25,27.293452827591533,10.889461652037626
2026-05-06 00:02:30,54.67537032639146,98.0038145239504,69.78412893955768,0.6,26.81886778816409,16.782350263168276
2026-05-06 00:03:00,54.69205857202481,105.6697190351457,71.86576291255129,0.25,26.016005581447654,17.873438622052117
2026-05-06 00:03:30,50.296023157205674,93.9237798576155,69.03072153319494,0.27538246951068407,25.759968698915472,15.092833343579002
2026-05-06 00:04:00,48.18168033579757,87.37434989867982,71.04736206089032,0.3354768919911965,26.814402065274884,18.792991613621965
2026-05-06 00:04:30,49.57962930747058,97.53596147620489,67.7219662769195,0.27515019428157594,31.77525641979357,8.325118349368726
2026-05-06 00:05:00,48.8261510359218,85.7082937260891,69.49878802995431,0.25,26.220174662592253,12.094114857688794
2026-05-06 00:05:30,47.94575606220086,84.4126708364355,66.1668631235463,0.6,29.821844149421604,15.93009431922962
2026-05-06 00:06:00,50.11182178266837,93.04548888347131,72.32671138215015,0.30202457630069657,27.154583044782978,12.441982739115373
2026-05-06 00:06:30,50.85458261673876,90.65958374010029,71.64019602623203,0.3893757528568562,27.14567850730753,19.99901237901902
2026-05-06 00:07:00,48.81936025945528,96.51896252053166,74.11061888071686,0.35364677887883167,28.151651894704784,16.952304917319545
2026-05-06 00:07:30,49.95832539939531,94.01741370494253,69.26530512657128,0.25,26.945503969155617,13.056663227649102
2026-05-06 00:08:00,48.21452990242911,94.54849254689898,63.49443504276323,0.42344267290068643,30.633678545351415,13.705067535860133
2026-05-06 00:08:30,47.26560138249382,97.21327015245605,68.36589766416078,0.4700895568282977,25.876812082326573,11.521198393796546
2026-05-06 00:09:00,44.14124211773405,91.51079278806054,71.0592149385301,0.6,26.065083441384118,17.611247163803846
2026-05-06 00:09:30,50.58506769425876,88.85607865332489,71.09531291749146,0.3704496810498532,30.19991667494125,14.53686671305321
2026-05-06 00:10:00,53.26717158547298,101.33360585733337,67.70363662648403,0.25617689949146066,30.282263037123762,13.806999276126943
2026-05-06 00:10:30,49.843209238996806,93.41544101696121,67.74664689232253,0.47899938669088293,28.1657614121637,11.33357931894973
2026-05-06 00:11:00,49.71297825131773,99.11083917325324,69.65736633706386,0.3484565661917358,24.09963245559548,14.164942717798443
2026-05-06 00:11:30,53.40265393947336,96.64901268583496,62.34484312746861,0.30695650701101024,28.318586842826676,13.702571595232145
2026-05-06 00:12:00,51.048001817703245,92.742413642358,66.55115684742509,0.28471623604376317,29.191690011672385,17.370273944782447
2026-05-06 00:12:30,51.765767181627275,87.61492911207162,62.35668712030031,0.6,26.50189816437546,15.559421609732986
2026-05-06 00:13:00,50.631542143907566,88.2740119706881,71.25132712587259,0.41236762914387115,29.395595298448622,16.26477324715564
2026-05-06 00:13:30,40.835824233955336,94.48522426751856,59.96525734885596,0.26747677235159484,28.39810299025356,13.989977709333463
2026-05-06 00:14:00,49.35466599427677,81.36219334823225,71.8699631187232,0.49754412538152587,26.5935498606899,14.489362853071409
2026-05-06 00:14:30,54.64208390762174,87.10138594294074,65.11378097828484,0.6,25.098494621658823,15.53460587543444
2026-05-06 00:15:00,47.98837117668118,94.6438839476239,66.71751340593191,0.25,29.171480739819334,16.270987360377408
2026-05-06 00:15:30,48.83253101569336,93.15831239372588,72.94931950756612,0.25,26.540267278591696,21.475392739709157
2026-05-06 00:16:00,46.8177289971051,91.35487002601757,75.78288341174816,0.41509772030831693,30.3868909751051,13.810453791197583
2026-05-06 00:16:30,53.34407269301889,89.45559043352371,73.8263680757022,0.25,26.278693206548105,14.483762633110583
2026-05-06 00:17:00,49.47523280061348,87.63146580310435,69.58171573925623,0.6,28.937473399586864,13.436458286149648
2026-05-06 00:17:30,54.19182017858701,84.47046807608884,70.43885873978009,0.401447387393734,25.600196962218348,17.1967616524248
2026-05-06 00:18:00,49.39399887054555,87.63123310860577,72.21868349067508,0.45148480878768416,25.88294495742757,18.213698451438656
2026-05-06 00:18:30,52.06981801351359,95.49660782921521,73.33916822244865,0.6,28.83665490332825,10.281881354466194
2026-05-06 00:19:00,46.70986352328887,96.45911075570747,65.86793041356623,0.47921597004311156,23.51326435865403,16.428959929129782
2026-05-06 00:19:30,48.828137056946936,92.15625613126495,66.71969514874424,0.288768569699298,29.17965908103204,22.573101814725415
2026-05-06 00:20:00,50.917781254596804,88.79963377863592,72.53433478572761,0.50061480852009,29.776818183490956,15.984131724018807
2026-05-06 00:20:30,48.074624997334745,88.79303948823596,72.43441205031039,0.25,28.537421996630517,13.56929455253521
2026-05-06 00:21:00,52.49718543792004,97.49510154694397,73.8907551102399,0.5765815662590902,22.912877252156825,19.86219661456448
2026-05-06 00:21:30,51.02134316921911,92.12524177430292,75.2443802729011,0.6,28.02652298877493,23.17740021085765
2026-05-06 00:22:00,45.96598739432994,94.63711519186145,70.31799846119385,0.3771366695029582,29.096148947678476,19.309359369676045
2026-05-06 00:22:30,47.45634420288336,97.7961164488996,68.62958822081968,0.5607545401825447,29.15633790931984,15.171441762599033
2026-05-06 00:23:00,46.61335190604777,93.29922188850765,73.44569806615343,0.4365613179365042,26.05042647512771,16.261590186106595
2026-05-06 00:23:30,49.1380357183534,83.12422022618603,72.00369852912957,0.5353991882641586,25.213460930502443,18.40736694073614
2026-05-06 00:24:00,49.71524261753835,90.034171118385,68.71659513254258,0.5328414493112386,22.57821205212422,18.91162364110584
2026-05-06 00:24:30,54.207097280820115,83.75008248302646,67.7331212699938,0.25,30.09336296965473,13.924567631683098
2026-05-06 00:25:00,48.591304187991724,96.86944430628361,67.87488203257173,0.25,31.58436708501104,15.959758406234121
2026-05-06 00:25:30,52.03679435007784,95.46340513923717,69.72939003758644,0.59834987764745,29.720955773636426,16.631100075078614
2026-05-06 00:26:00,52.03361774860492,92.56211099873802,64.86054965381804,0.25,27.643606600713625,12.063615428191234
2026-05-06 00:26:30,54.94444886299625,94.43627673016282,66.47573431572216,0.6,28.49510930237058,15.292196899412208
2026-05-06 00:27:00,51.66221610300983,98.86046570014302,69.2395498207831,0.25,24.30963675153848,16.2784147071599
2026-05-06 00:27:30,55.0786392806389,85.36276592750703,62.73388036659683,0.25,26.680791492115887,16.887420652864325
2026-05-06 00:28:00,46.65520621477531,94.26944731923359,72.98196635801202,0.6,28.845571721392286,11.884312823165306
2026-05-06 00:28:30,49.49495488852569,88.9172914279344,71.55375634781798,0.5180019925035574,27.426199991216905,15.376583886996164
2026-05-06 00:29:00,53.732410597771526,99.39851465912609,77.09247962248016,0.6,23.40862049625735,17.354400427203135
2026-05-06 00:29:30,51.7622357960975,97.17456275880002,71.34720171957822,0.25,29.409712578274675,13.620147221769653
2026-05-06 00:30:00,50.18309335767565,98.82713276602738,77.03073789133116,0.25,24.446234729654854,15.590640976016125
2026-05-06 00:30:30,49.47504576673973,84.51688995582164,66.84292900691635,0.6,28.250545317881233,12.591731852618445
2026-05-06 00:31:00,47.894314692905795,96.88676730587427,71.31798379871672,0.29525162294576524,28.659125148853285,17.609968338208077
2026-05-06 00:31:30,46.72188218729805,96.01878526253603,69.14735675581467,0.6,26.29802273176565,13.841074377045684
2026-05-06 00:32:00,52.655739807943654,97.97983515680076,72.87987887709684,0.4355752864700836,27.808556048951605,13.7147939992036
2026-05-06 00:32:30,51.731607702060714,97.59736685623821,71.65725814000449,0.38787535684588026,27.474762607625106,18.611579893982107
2026-05-06 00:33:00,49.435948990965194,92.51715338134481,65.60856724470291,0.4879803999398978,27.68800381912205,19.462304159689634
2026-05-06 00:33:30,52.75873583712204,85.28086444106478,64.92149184201344,0.6,27.419068589811037,17.504331638084494
2026-05-06 00:34:00,47.892700280200785,89.77650930884799,73.8933467922425,0.3010046276470094,31.31877726792883,18.445458625703672
2026-05-06 00:34:30,52.56544280865538,92.52204177119226,73.83088249415893,0.5562698659537817,26.26517840607453,14.401302319173887
2026-05-06 00:35:00,51.35235561599114,90.88735037139227,71.64898654565728,0.5970421356553844,24.93056560587377,11.223208920266504
2026-05-06 00:35:30,51.18173362630509,94.03712640844091,74.3917774796428,0.6,28.653528906843928,13.344782701150468
2026-05-06 00:36:00,51.35611336321096,87.15678505336811,75.49562611204875,0.25,24.60903629278798,16.794831817724216
2026-05-06 00:36:30,51.08501327916645,85.87240624486252,67.21834395971392,0.25,25.321698598415356,12.75062911420374
2026-05-06 00:37:00,55.06663996145161,94.34721645215903,70.18120346392917,0.6,27.88219555811741,8.59468957310835
2026-05-06 00:37:30,50.97348686391898,103.34241614319644,77.32165012247242,0.539870906178808,27.174260847834454,14.768108121043696
2026-05-06 00:38:00,54.207200993343854,92.50956282424332,70.22975037109914,0.6,25.932763369371287,17.169144922220312
2026-05-06 00:38:30,48.29919765204882,86.113928176383,70.06579904745242,0.5147718402415131,24.94306927307128,10.795648618299143
2026-05-06 00:39:00,55.42011849839021,86.24734266895676,66.0363536306772,0.6,24.56069913516316,17.746619165938906
2026-05-06 00:39:30,54.42091818170664,88.32531524809163,71.3803408611375,0.35956961393267095,28.00623514057873,13.607816419974823
2026-05-06 00:40:00,50.56631584161289,101.36686092338009,63.12477732512581,0.291816794077846,25.849631996660975,8.323190367101962
2026-05-06 00:40:30,50.139350134118715,99.694305454209,71.96748038027197,0.25,27.071600318217985,20.266675595780583
2026-05-06 00:41:00,52.923029564851504,91.06305918204184,70.43240172185904,0.5545264733044636,23.597492251715842,16.78548374746496
2026-05-06 00:41:30,49.71160593005726,97.34319195672772,74.74820973540966,0.6,27.92236231872636,15.013472828328476
2026-05-06 00:42:00,50.03864772747764,96.02503033220889,73.0676009193304,0.3869530297778292,25.517143265654163,14.258754255896706
2026-05-06 00:42:30,50.252951594689165,93.56074894816652,71.33413211594258,0.2665235204609945,27.770826161637842,16.115976704351294
2026-05-06 00:43:00,52.14700998858786,88.93721148182661,73.75418550995552,0.6,23.15647261599536,15.125108524195817
2026-05-06 00:43:30,53.53277629882657,100.49744408991212,69.30884432413849,0.4028652590007277,23.84474252275966,18.157463721113164
2026-05-06 00:44:00,50.18953616438744,83.51462818540554,59.28218682764985,0.25,29.654632859236415,13.275347155086989
2026-05-06 00:44:30,52.174163500735894,93.13731690617011,68.0932975127953,0.25,26.146884087062567,11.767362463143254
2026-05-06 00:45:00,47.63221982702093,98.99673172048253,68.05279128719228,0.43166496715198227,33.182072950381794,16.63579746615314
2026-05-06 00:45:30,54.54559206364556,85.73635372106983,65.3282781682157,0.25,25.921947508146456,17.80576562033031
2026-05-06 00:46:00,54.478722422043056,102.09870584827281,66.8791202204429,0.6,26.549430276194677,15.46874764897322
2026-05-06 00:46:30,50.54765010601774,84.50606914136652,68.30160495487131,0.44290228882204236,24.24768420195153,14.981736885788274
2026-05-06 00:47:00,53.0543557570286,101.97847005966065,71.7963701499899,0.6,25.098850356256285,18.13322768007766
2026-05-06 00:47:30,49.21712876071236,93.02758019429383,69.93917896789515,0.2759812275562356,28.072400474520283,12.397692640471863
2026-05-06 00:48:00,46.01356390458447,93.91552060781403,68.98445226592987,0.34707465980553287,26.302704165574138,16.949153901430208
2026-05-06 00:48:30,47.5386645426485,90.3382790115414,72.10979167656595,0.498263795943994,25.68689641856586,19.963581912990463
2026-05-06 00:49:00,51.33419126716626,96.63654147020587,71.7057428497015,0.25,30.187528940741593,17.275981207630828
2026-05-06 00:49:30,51.30442127161868,99.83461344971528,72.07799302540388,0.25,30.182779945931347,20.468705300789114
2026-05-06 00:50:00,49.25680418579294,98.29178282747905,67.27184065357706,0.2948547143435592,24.074568606671857,22.0406987099817
2026-05-06 00:50:30,52.48092364210794,98.46609873703947,65.62303532396236,0.25,25.679951613742013,18.230975505155484
2026-05-06 00:51:00,48.13194758625062,87.76537617269018,74.4392055663502,0.34970427557734124,30.583193204167316,13.841448378819827
2026-05-06 00:51:30,48.5454003642446,94.67377723283623,69.98848307678465,0.6,23.87474176895695,7.311236603608794
2026-05-06 00:52:00,55.839731521014414,100.87285797799164,70.6725574597074,0.25,25.06287512750231,15.221581437343316
2026-05-06 00:52:30,53.56461408480154,92.71203055844903,70.49941082727186,0.3718715127048205,31.044148499737467,17.398749086972433
2026-05-06 00:53:00,55.1547766066712,93.62392499439576,69.54206328678427,0.2925166628916805,30.291075110931292,17.499540709649924
2026-05-06 00:53:30,54.29484253494459,95.657109377785,71.7183330149076,0.25,26.05337055259977,8.156888332465726
2026-05-06 00:54:00,52.595712011328594,94.24897838253283,71.20475922510613,0.45566584678273647,28.317740191804045,18.45543712093874
2026-05-06 00:54:30,47.78760563470348,100.47697080354735,72.57033293526378,0.6,29.200475211827516,16.28940555541828
2026-05-06 00:55:00,49.26730781912672,89.51405159193516,67.51289346814126,0.25,31.20498452201629,17.3838643984202
2026-05-06 00:55:30,49.000211726788635,88.1622920129019,71.33099555542131,0.4555069644863739,29.601160541153686,23.17740021085765
2026-05-06 00:56:00,47.66368718311061,86.0034879135722,71.40039837974207,0.3502632274440055,25.715603547961596,16.215111721338587
2026-05-06 00:56:30,48.2840921698584,104.43792515461772,70.48770471089733,0.3151483744139917,27.66045754233437,16.052130314581856
2026-05-06 00:57:00,56.232911582925404,97.74874129649578,72.07239028413409,0.44221650372053983,26.02682642017637,11.27698089170843
2026-05-06 00:57:30,48.02270575719759,93.06535098215099,70.07080297013341,0.6,26.089771724726475,14.628838916425421
2026-05-06 00:58:00,52.45013604337301,95.08229601197031,78.41161293888665,0.5667621864177,30.59962635875751,13.164081851357073
2026-05-06 00:58:30,50.654857258458854,94.67197267598284,73.26726813054707,0.5770993788501986,29.628315010999202,17.153188886676176
2026-05-06 00:59:00,48.38266420054917,96.42063558124417,65.83165476131893,0.25,25.608148201567726,19.43914692499623
2026-05-06 00:59:30,48.061282236573284,95.91016338343036,69.23400122624003,0.6,27.063165297157045,14.8166559825909
2026-05-06 01:00:00,50.024236495613344,91.97942139508089,64.78908030157112,0.25,26.828484609521386,16.670210497084714
2026-05-06 01:00:30,51.89446515052087,84.5889277046613,67.52308848092416,0.5946672441527002,21.838734428294767,16.147738731921145
2026-05-06 01:01:00,48.820687729227345,90.60832730632652,63.71353640467241,0.25,28.75585711392859,17.126654419983325
2026-05-06 01:01:30,43.537695516955225,97.10940721208596,73.34267674655383,0.6,29.049906625770884,9.390478067348498
2026-05-06 01:02:00,49.54629831658804,87.48333344264586,76.93670105166686,0.28159054738718103,25.894049074099893,9.879602696112896
2026-05-06 01:02:30,52.6109006812966,102.34209666934319,63.01564299402291,0.3853836963305964,28.128414533327433,16.56510040071613
2026-05-06 01:03:00,53.72226095166271,97.20309840939507,73.91445879917177,0.3288435545799288,28.35101373900687,15.901262614879544
2026-05-06 01:03:30,53.42901887619641,94.95580548433553,64.8464642820249,0.6,25.304188165013546,19.67061558403404
2026-05-06 01:04:00,47.93078961919751,98.27336006067273,66.35134246704787,0.6,23.858235334815415,14.503155529362015
2026-05-06 01:04:30,47.87118721506889,94.1243760031291,71.03863144327617,0.6,28.945526119955943,9.786611071933217
2026-05-06 01:05:00,49.677725707256464,91.65778683969185,72.83910094090068,0.3927481043555476,29.89484059604614,13.449158107048099
2026-05-06 01:05:30,49.9656723489457,81.99155377291981,72.49889767254928,0.25,28.648572105027277,15.455985240746173
2026-05-06 01:06:00,49.604443261901544,97.8097201212706,71.22925806776654,0.25,24.0407219691002,11.441900211764189
2026-05-06 01:06:30,50.02554831628166,88.28306146344465,70.39445744808134,0.4203409366771405,25.31287603957313,17.547135340496787
2026-05-06 01:07:00,54.061938601828345,92.48897004704813,65.6609401208537,0.5996283023005926,30.312028013972565,13.37635957969527
2026-05-06 01:07:30,49.15418837738513,91.05350065314121,67.39479609687245,0.25,27.93033762352977,23.17740021085765
2026-05-06 01:08:00,53.444274108645445,91.65016948794161,70.64218775892549,0.6,30.109861949307962,15.211688882028344
2026-05-06 01:08:30,46.847474429814284,93.30110164840299,65.00297923010305,0.6,20.892430883656274,16.362415184870656
2026-05-06 01:09:00,55.1222770210777,89.0327737801543,75.33661126897532,0.300456051185883,30.293940458675284,16.002683879753413
2026-05-06 01:09:30,51.37865924761959,86.27464604578216,70.55537172388433,0.6,27.191233319130205,15.63617728553364
2026-05-06 01:10:00,50.29103808567428,84.75773757255347,71.17506980903426,0.49738354323734746,25.192059486152846,10.98669562880793
2026-05-06 01:10:30,52.02694705276898,93.46816029333276,68.56011617751408,0.25,26.605506308782076,14.86936784325441
2026-05-06 01:11:00,53.31877843497006,86.51156531061316,68.09043829091738,0.4750464092959794,26.56854813560918,13.399886556613023
2026-05-06 01:11:30,55.30841534507794,96.60773954398186,69.39821904697477,0.25,25.687632284569908,15.393851527454265
2026-05-06 01:12:00,53.676381680232744,87.79359682756062,71.57767965760453,0.2992090818292977,26.203321129281164,13.815989885750252
2026-05-06 01:12:30,56.90660071606784,86.28174811280537,70.73994404269033,0.59904952356669,25.979499335495674,16.83133390850333
2026-05-06 01:13:00,49.43736093851992,95.3404729537271,72.94323222685615,0.6,26.88943540226407,14.937296133133634
2026-05-06 01:13:30,51.6110217291743,93.56133049990295,76.10109246700718,0.37171690545231,28.24815698248756,20.76614841698143
2026-05-06 01:14:00,52.97120958799208,89.82884033021462,69.2922859239936,0.25,28.376117014033284,13.223931842186712
2026-05-06 01:14:30,53.2352574159595,97.59574790680595,73.00260550528526,0.37646913083300404,28.2039658448027,23.17740021085765
2026-05-06 01:15:00,47.65948608044911,104.92452942138297,62.610654504592716,0.6,31.379862540674534,13.816121314460084
2026-05-06 01:15:30,46.0572938030507,96.58348486664522,66.27022144848311,0.5573285877466806,29.843043821615474,16.983346360045594
2026-05-06 01:16:00,51.05929726439885,92.28702170878485,74.3791348637915,0.25,28.129421907013256,17.795734107780312
2026-05-06 01:16:30,43.307390792298136,88.25049391343008,70.7388364286968,0.25,30.955790429329223,18.124884890687483
2026-05-06 01:17:00,48.8324789832795,102.48944094112525,64.18561331624976,0.4673890780792544,25.46066872384563,12.003552740916003
2026-05-06 01:17:30,54.501973519212356,88.5167142925206,70.52742167588478,0.46792337755824365,27.978090358494217,13.418719985996535
2026-05-06 01:18:00,52.97875743250571,87.20429342375273,72.86901848501573,0.25,28.37014384482837,13.388662411364091
2026-05-06 01:18:30,52.39483669255834,96.78989293255343,72.46697393893616,0.42584773800721737,32.55877510175968,13.370564121315653
2026-05-06 01:19:00,49.23279498473288,88.81596918970452,65.57073079564104,0.6,27.815694389813594,17.76581482588398
2026-05-06 01:19:30,49.584235105892226,83.77224690173172,67.58636776017515,0.5235123549182579,32.61191072570319,16.475840276186805
2026-05-06 01:20:00,45.8574031256136,91.5606939080502,70.5145722820373,0.43093183172504734,29.29877435059885,18.166051521859927
2026-05-06 01:20:30,51.04029154599069,96.3802114465753,72.51255586110761,0.25,29.12694946546619,13.22723653914204
2026-05-06 01:21:00,52.893365207762876,90.88930338175726,64.22530698367055,0.25,27.654313797238505,19.923581355499728
2026-05-06 01:21:30,49.409193830381206,88.33148155046412,68.36428479977509,0.25,24.91171650898838,19.190321971210274
2026-05-06 01:22:00,47.36685769062871,97.45473435002037,78.62807843873775,0.348661697922698,24.66337788889844,19.181274902397362
2026-05-06 01:22:30,48.85486015740228,101.79875096796655,69.3747316907875,0.2892426083293117,27.29257329845906,10.596417903806497
2026-05-06 01:23:00,51.33800248371428,81.44746597260954,71.26421793075949,0.4508441100414094,26.966525059756414,14.235174795398862
2026-05-06 01:23:30,54.983777057731814,85.33041932592499,69.33857419466585,0.3734320989546201,25.90713788811596,12.015663838537714
2026-05-06 01:24:00,55.12881353193032,86.57142009317869,71.79970443309035,0.25,26.803744898733395,20.42702413734343
2026-05-06 01:24:30,52.21679734569141,92.39996183362913,73.091140806034,0.25,29.872597869321705,13.33740575267209
2026-05-06 01:25:00,53.81893087196963,101.6299535161643,73.88798199759768,0.6,27.477707368560456,15.145011512732825
2026-05-06 01:25:30,53.1841769984548,75.73525029607728,65.03687482794247,0.5997962068338374,27.290805687988286,15.047567363724367
2026-05-06 01:26:00,49.76925206378775,97.45610657964595,66.38363034392485,0.43832716875796307,32.16056165973139,14.647713826704353
2026-05-06 01:26:30,49.097974578276634,91.63489919545417,67.32868477811236,0.6,24.78930100702092,14.259420196663864
2026-05-06 01:27:00,45.21652481232437,95.29439291138245,69.23083669303126,0.25,26.661552408039455,17.25325227036065
2026-05-06 01:27:30,49.31968525929567,89.5394496940975,64.23304866147397,0.31056715580748273,27.645457807055998,13.867428490494984
2026-05-06 01:28:00,47.33215121241544,91.17982672926543,69.25648050699736,0.25,27.947132379422666,15.059878045933054
2026-05-06 01:28:30,50.06148446296773,101.50696099066832,69.07858129074997,0.6,32.503952680883614,17.468675881389057
2026-05-06 01:29:00,44.433727580204845,95.2558867029631,69.45856054812239,0.2567279593241669,29.82249609565991,14.836748652961774
2026-05-06 01:29:30,49.2391970946551,93.89758676176827,60.72162672522567,0.3116920509853313,25.830458266319607,12.681665858365076
2026-05-06 01:30:00,50.806175371975,91.73089683444393,67.45099716796234,0.5663397000625192,26.286949380436656,23.140209120314474
2026-05-06 01:30:30,54.11354347304615,100.51087601142018,67.61615848332087,0.4198964784747062,25.983518108123935,16.912571388970527
2026-05-06 01:31:00,50.361379816300285,105.6697190351457,64.67250438624328,0.25,25.115234880175215,15.470925462326829
2026-05-06 01:31:30,50.71833895348318,88.46838025756043,68.07850526487674,0.25,24.86136708366427,20.954349064061155
2026-05-06 01:32:00,48.401749618538055,88.11328596552158,72.62863016890365,0.34634900307919486,30.808694685547927,15.040351712485046
2026-05-06 01:32:30,50.294102771350396,81.77495206639149,70.10034851236777,0.27724052727138515,29.279857049827847,15.841436285939938
2026-05-06 01:33:00,55.079472148432004,89.48527766298484,71.2390013267375,0.3335087766316053,28.831582788820775,20.85598470135999
2026-05-06 01:33:30,47.47402023545474,90.02714130349082,74.42529606032834,0.5134386675713407,29.775647516846007,22.47083906860695
2026-05-06 01:34:00,49.55072919212464,87.51247894465304,73.07989636227553,0.5280124319078738,27.943305130372536,16.06173748147069
2026-05-06 01:34:30,47.371129168305735,85.96979350019947,66.88801477581583,0.4787434479510937,28.391693369592158,15.022022502141084
2026-05-06 01:35:00,51.12235326881885,88.6701856514062,66.62400964733223,0.2793591344155658,27.431960381392216,16.1569048537675
2026-05-06 01:35:30,47.312748294328046,90.67443614483606,64.52887925740856,0.25,29.161685845515063,15.639274569393079
2026-05-06 01:36:00,54.768010296841844,97.60676181101395,70.98516814643766,0.4370535540716107,27.754464888197695,14.996176663919057
2026-05-06 01:36:30,49.71983833323383,101.24906447111498,72.42487172376624,0.25,31.55305553336875,17.567641641807942
2026-05-06 01:37:00,49.04703251310419,90.90297073129317,71.99362479187744,0.6,27.312555079973922,16.4184841458935
2026-05-06 01:37:30,48.13542698101274,100.25257167038029,72.07090977771423,0.6,27.119255602570394,11.735673012173011
2026-05-06 01:38:00,52.041744339323735,87.0690138948709,64.22863169212064,0.533446297376782,29.050141128892957,15.509538243583549
2026-05-06 01:38:30,44.19826649800368,90.69317880771882,70.07826529674205,0.25,19.826952061030525,17.254323285900032
2026-05-06 01:39:00,47.792082786872626,80.87162589870846,66.25795302584362,0.25,25.298032709782103,15.867952307025133
2026-05-06 01:39:30,52.666002093025014,92.77290709654748,71.0978388895874,0.5723502266530613,27.15689434549665,17.765225556237283
2026-05-06 01:40:00,53.0131676397076,93.68635762796484,72.08345453615489,0.36235990160197173,29.91485136323713,15.545243871193946
2026-05-06 01:40:30,49.43095843616038,85.80846838111152,69.29263723190722,0.47955675493841476,27.393701914153247,18.667396284514066
2026-05-06 01:41:00,47.13135127155725,89.87764403001617,68.79764761690993,0.25,21.706331229749416,18.290928395535545
2026-05-06 01:41:30,56.261921134874754,95.35842758054194,69.73433747285966,0.6,28.156207845834874,19.921493520198148
2026-05-06 01:42:00,51.53350434008455,97.44502224299572,69.85126432957239,0.4539945537908676,30.94525826973302,18.731272706462583
2026-05-06 01:42:30,50.442467755946915,97.12347777620559,73.88301869886139,0.38928325611671194,33.20403264551524,7.124334882586853
2026-05-06 01:43:00,46.761668597312294,93.22442856247837,68.59068151390818,0.5995718979048834,31.007299390863682,15.797529958785901
2026-05-06 01:43:30,47.44130511232128,92.51833703812252,68.71593081921714,0.30363822495597187,27.59985190779971,12.059787923132074
2026-05-06 01:44:00,51.950193019619064,94.24406649619735,65.2404494308544,0.25,25.98927978606784,16.308257083009583
2026-05-06 01:44:30,50.34515260045678,94.43251653360373,69.81912824036024,0.25,31.32897342867213,11.341318896929426
2026-05-06 01:45:00,49.12519826486036,96.53728574944066,76.38682729373718,0.6,26.671803958001814,12.473244283630095
2026-05-06 01:45:30,53.298783728539036,88.29479795100276,70.88144284692817,0.5893335172359583,28.147099162222904,14.789772288239309
2026-05-06 01:46:00,55.33570757516887,90.1779351847678,66.61409838028804,0.25,28.67880465340742,15.590402326660072
2026-05-06 01:46:30,47.09534010104597,98.16934384196573,68.02865629684838,0.6,24.737572609949957,22.268985732299264
2026-05-06 01:47:00,45.80322447992701,105.6697190351457,68.32792217269836,0.25,28.75112385559712,13.484738886272611
2026-05-06 01:47:30,53.96634057992051,94.99492057618433,64.77872593925915,0.25,29.17259778599758,15.498546055526713
2026-05-06 01:48:00,51.933503691486315,101.2718734590362,68.30863792839322,0.2882491784750052,25.71399378451657,11.463152130891643
2026-05-06 01:48:30,46.755276141723456,86.37398404179262,73.44213920408819,0.6,22.50361902855299,12.82313849210732
2026-05-06 01:49:00,52.016471106304856,88.38558687480852,71.6919131125906,0.2738287980416818,23.514651440646123,19.093186912429942
2026-05-06 01:49:30,48.807390967807116,90.67771930907665,65.58654199852852,0.38360723956707066,28.589191893228787,10.528321226902495
2026-05-06 01:50:00,49.102329932900886,93.63134190830266,62.73133895071375,0.6,26.497544424880786,12.506216605991835
2026-05-06 01:50:30,50.21553483713688,100.38072314663759,70.13154680801993,0.5532734301439343,28.88155313760665,21.317873355742893
2026-05-06 01:51:00,51.678573557338865,83.85441135403185,71.89455288204277,0.5967975821378055,30.55029973235372,15.056811057586092
2026-05-06 01:51:30,53.94702275781777,88.48893106019794,73.09298575941982,0.3755901412346748,24.73746355258689,15.801453248297182
2026-05-06 01:52:00,52.460155763295894,89.87167369358848,67.72010004906032,0.6,26.143206330624288,14.128526128974565
2026-05-06 01:52:30,51.04435747257851,91.12447008067184,72.61885169689049,0.25,30.129446670794103,10.656885003995292
2026-05-06 01:53:00,54.82894659340863,94.19710011085313,68.74023371090173,0.6,28.218881394964125,20.376505966233
2026-05-06 01:53:30,51.41267793834336,92.85259932925284,67.33152892053477,0.6,28.735312862975356,13.92792354942474
2026-05-06 01:54:00,51.32740005407319,100.02340092278688,74.68851633543665,0.6,24.76208978357744,15.151447336726866
2026-05-06 01:54:30,49.399069458079566,99.03004508852995,75.24952232340112,0.6,30.86886739210466,18.023892817953136
2026-05-06 01:55:00,53.22543746820102,87.60772685563009,67.78987894044067,0.6,27.33685795257851,16.207473324250678
2026-05-06 01:55:30,52.151756757431194,96.28303405809444,64.08336697106378,0.25,27.651575831597548,16.033910504325252
2026-05-06 01:56:00,54.74498269337774,96.75823476415637,66.2865830459407,0.4893593332019222,28.755881908970434,17.85673511957388
2026-05-06 01:56:30,50.726339020639664,93.62347099279583,70.57255218190384,0.5182646900000588,22.1019057722312,17.241168195213316
2026-05-06 01:57:00,53.597745128634806,99.24380845655394,71.62810727636638,0.6,23.313359084643515,15.148018142780868
2026-05-06 01:57:30,48.34367573328492,98.70990171896548,73.28093293245738,0.6,31.780215343422782,19.54520287654968
2026-05-06 01:58:00,48.1418151072181,93.65918844252113,70.79054456725324,0.25,30.48685760849674,16.10302520253042
2026-05-06 01:58:30,56.419604324481725,89.38390125978606,76.64390554981534,0.5025757483123708,29.26334103753812,15.104755073054823
2026-05-06 01:59:00,47.55160919266554,95.95795644293518,66.32710740678058,0.6,26.14735832762757,14.015341176872367
2026-05-06 01:59:30,52.41345761933865,93.28157982978709,70.29470604983752,0.4583837193784852,20.646239923828468,17.793077228187432
2026-05-06 02:00:00,46.58054756026701,100.57564202253053,71.19883109919944,0.4359973429308452,25.637360753530643,16.966340734118443
2026-05-06 02:00:30,51.099658129847015,91.07443234468656,63.882813839055146,0.4484475963539737,28.54199997781829,11.985799802830615
2026-05-06 02:01:00,51.731541847262946,91.47138081990552,62.08565674247921,0.3927036868991569,32.5598583887237,17.04244597032966
2026-05-06 02:01:30,54.70226015983333,89.5693643347741,64.51555791197899,0.3406460809579203,27.980085575668003,15.48524304781372
2026-05-06 02:02:00,54.57809653052452,93.05697355911002,73.58777334239508,0.4308385110077442,25.113400692479836,13.968718641030872
2026-05-06 02:02:30,47.13827471706854,90.26341003181126,67.54357885966695,0.3880272526549913,31.372368337923803,13.247847627433341
2026-05-06 02:03:00,49.04692097777535,98.02462244724452,63.885088217427054,0.31764896427070666,23.633490405872745,20.648037803682982
2026-05-06 02:03:30,49.154587015967216,93.72970495397323,68.5254306191768,0.6,28.070214346036455,22.303415806964278
2026-05-06 02:04:00,50.961547439688765,82.69503407124189,68.24998361757083,0.3174429663547478,29.525159799812865,9.932846760384347
2026-05-06 02:04:30,47.92753080286766,90.31314094394159,65.55962448499666,0.39935397497240877,22.344445798857187,21.29890855638594
2026-05-06 02:05:00,49.173381059098105,97.45912663008319,71.25823281730358,0.25,31.448662832302944,13.675259513990806
2026-05-06 02:05:30,53.31187601955168,89.6037845390436,69.997955566833,0.39245846065664997,29.01034643235704,21.16460648985069
2026-05-06 02:06:00,46.25216343652667,91.37101349566902,68.67131276178912,0.39108487221204913,28.650634379417284,12.703603316816018
2026-05-06 02:06:30,53.167006050103524,101.92115539432102,67.18766449701242,0.25,29.008469325033452,15.57444845131158
2026-05-06 02:07:00,52.87311894519589,95.38753115742138,63.544594238344175,0.43783932418933413,30.773281069644867,12.139627093420772
2026-05-06 02:07:30,52.08189117335038,92.79394272913699,68.90894626190146,0.6,24.469960268973594,13.284290627001743
2026-05-06 02:08:00,43.98887688710444,98.31059046503098,65.65819015882326,0.5533467903082929,29.97098939496185,12.317296029177506
2026-05-06 02:08:30,52.01763607061985,84.45385503960534,66.30444154921908,0.25,26.045845475840228,9.800789512528851
2026-05-06 02:09:00,56.90660071606784,87.76822347641581,64.34118284884858,0.4019254346882445,25.619814730399018,12.10175611876407
2026-05-06 02:09:30,50.55784943329971,95.34891443095117,74.41586776223662,0.25,28.637127137287145,14.793830201150412
2026-05-06 02:10:00,41.008256355859196,94.12910463834037,66.85464999999125,0.25,22.500740225140824,11.776903574584228
2026-05-06 02:10:30,52.954325505252356,90.03238342228573,69.05430110579172,0.4033511498949963,28.27512981102917,11.391639516035518
2026-05-06 02:11:00,47.49885206286674,101.08619663365954,66.20274069942681,0.25,30.02836722035676,14.837651388331151
2026-05-06 02:11:30,46.4461689841546,99.71471980270131,73.65763768488557,0.25,26.031746797058382,16.21854184090753
2026-05-06 02:12:00,54.80611022016758,90.1676320620859,71.86775340551199,0.5201165187411296,27.51917192891047,14.484387569247703
2026-05-06 02:12:30,45.52986227840607,98.16903317349214,64.05049417893997,0.6,29.791401696050674,18.159686786449395
2026-05-06 02:13:00,43.97451317381038,89.47978622041845,69.44835463545772,0.6,27.19304570659123,13.638335309619851
2026-05-06 02:13:30,50.315282406480044,81.30122924748684,70.9450834915214,0.3421504444227518,29.544683684697937,14.98413573165992
2026-05-06 02:14:00,52.23850387991676,91.9120802284799,70.0808061207824,0.40581900808384824,25.72163316139362,16.369474595812562
2026-05-06 02:14:30,51.072688398400075,84.7133238683331,70.15840696435941,0.6,26.795725053208013,22.593578613774675
2026-05-06 02:15:00,51.08548922857585,98.56203466414385,73.41296120072944,0.38937812409491224,28.91363541508204,16.646014067857593
2026-05-06 02:15:30,51.779318682516596,89.44920043956519,72.48626654557604,0.25,25.102187520118566,14.281928523006169
2026-05-06 02:16:00,46.502072778254956,88.85940253499132,70.83969451543814,0.551312016959506,26.783632472776542,12.533076803593659
2026-05-06 02:16:30,51.189368758612375,97.43533660865543,65.72459443572335,0.5025120430411514,28.436702441931953,15.19320798400846
2026-05-06 02:17:00,51.95781125112091,89.81638268238721,68.94980103855107,0.6,33.029664153884504,12.93220763560514
2026-05-06 02:17:30,52.32729942179891,86.0087167209353,68.69611992955726,0.25,27.66426494937084,21.31073743804571
2026-05-06 02:18:00,52.64824463897842,93.44948622442381,69.57912188249608,0.25,28.117192332118655,13.875875855427715
2026-05-06 02:18:30,50.75717634169344,94.90602584129292,69.41159438673498,0.6,25.72520164987608,20.29886745984949
2026-05-06 02:19:00,52.224604589165374,87.10351892670447,72.4239191107747,0.6,32.636859511895366,15.22201257363894
2026-05-06 02:19:30,53.64451195629101,89.61698497389624,72.06707805014025,0.42366013248433665,26.899984655083042,21.439183197688173
2026-05-06 02:20:00,50.25103280386375,95.47041879609277,69.45132778529648,0.25,26.889415870968943,15.690625332889395
2026-05-06 02:20:30,46.35735271990485,94.291431779278,78.62807843873775,0.6,25.815869770184605,14.547783959397892
2026-05-06 02:21:00,49.62975080536424,92.94659965776715,73.66952909288658,0.25,24.561286184814854,17.71728826952393
2026-05-06 02:21:30,55.198616582645926,93.99694458512431,73.90567172000202,0.39183986439436697,22.50352626071958,14.984295061366407
2026-05-06 02:22:00,45.3304075319286,92.00445060508558,70.42825693029748,0.4700067128177433,21.79547741035178,14.91140501602453
2026-05-06 02:22:30,50.43935113855567,86.87177969716107,64.7424122017344,0.40726428985039664,29.027100390247938,22.812306058816716
2026-05-06 02:23:00,48.441934217436184,93.5148562208073,68.50417911064376,0.37604996546634656,27.621756475732084,18.76494620399329
2026-05-06 02:23:30,51.4566336468875,94.37880046394646,71.13762539990991,0.25,26.102350603422302,15.888820862012548
2026-05-06 02:24:00,48.164151409896036,93.62353017124875,71.038286379832,0.6,30.72493879651367,15.622568536069888
2026-05-06 02:24:30,51.809227327516915,102.45790971648506,74.18692231539544,0.6,33.20403264551524,12.599128195105568
2026-05-06 02:25:00,51.021684349748604,89.12943416952422,75.92949993005736,0.48684893657488626,27.73159615781306,18.042616230349385
2026-05-06 02:25:30,49.27267278642896,97.48447783612723,64.94409896652117,0.25,30.631995945257326,13.147909706555627
2026-05-06 02:26:00,49.07103736690077,93.14609172122063,66.9002009609856,0.25,29.95715049078957,16.645606855054968
2026-05-06 02:26:30,46.540458924888,91.68776248264021,70.60098056682003,0.6,24.024554555839806,10.058224022220761
2026-05-06 02:27:00,51.89850013520929,100.34874479182467,62.36974277605433,0.3616763685088052,24.730256774144014,17.559308361821532
2026-05-06 02:27:30,53.15521995177643,96.20286263205219,72.43085176174272,0.3731736064829563,28.46367309368183,14.830808651577124
2026-05-06 02:28:00,46.98646063963941,100.52640742858519,68.32291468826627,0.2523712762911272,27.5398644961938,17.978602224372803
2026-05-06 02:28:30,49.46208479651915,81.89590333936441,67.10557987488855,0.6,24.416575815560012,16.9701218636801
2026-05-06 02:29:00,44.05233583660565,90.83207579922934,68.85797846662798,0.25,31.44216613209909,20.374797250789484
2026-05-06 02:29:30,48.58785796221882,91.95666942782509,71.72859332082682,0.6,28.868956285388062,15.821963598475675
2026-05-06 02:30:00,51.07277756041914,81.39007945330127,71.83979801033686,0.6,22.170794777088993,17.90289045365924
2026-05-06 02:30:30,48.61976694051287,100.70359179370445,70.51731955110337,0.5716619195417199,27.24656126892602,16.07718650580064
2026-05-06 02:31:00,47.271638038084006,87.42527444410914,70.66144638921837,0.25,24.897081573491636,14.395754646677808
2026-05-06 02:31:30,52.738071827012334,100.22708054813026,68.31774933514473,0.6,28.341528199143177,17.358074947374895
2026-05-06 02:32:00,51.46447470603748,93.59211841993783,69.78732343541246,0.5623332896942915,23.586270850258643,16.99045990267744
2026-05-06 02:32:30,45.717980106282354,80.06410278234429,64.60599751203662,0.2943013699208959,28.332858409076042,16.10119836646029
2026-05-06 02:33:00,50.435767165128354,86.71143247284071,69.78010241531555,0.25,27.951724448559215,15.494443253891712
2026-05-06 02:33:30,49.1730199832209,95.98822054195524,72.45986374901115,0.25,28.085627892680634,18.83329151625584
2026-05-06 02:34:00,50.14054793421175,90.55421530771231,76.1399362451741,0.6,30.28167169314439,14.16025762015374
2026-05-06 02:34:30,48.83162995021579,93.9638666998567,72.46032281374045,0.4183812706747814,29.50402463115216,17.407989297457394
2026-05-06 02:35:00,52.40802664549474,85.28020396034455,63.878464256461015,0.3314804796429941,27.502863009382075,14.342420719202702
2026-05-06 02:35:30,51.21786094596222,92.2646692647425,69.40418336257933,0.25,33.20403264551524,20.211733542838306
2026-05-06 02:36:00,52.0870494232165,90.55650925304037,72.57789141494843,0.5608147082525795,29.970492905445198,17.101230199035456
2026-05-06 02:36:30,49.45188999964622,93.37364938151836,74.31199334657215,0.3872758375321765,26.854173600561605,23.17740021085765
2026-05-06 02:37:00,45.21447797822929,96.28602377674667,66.46869599465778,0.420847122117835,28.74222217404385,11.20319315563022
2026-05-06 02:37:30,51.27705470585049,79.77313073041115,70.7844606323697,0.5087895031076375,25.884183516911623,13.573978098247903
2026-05-06 02:38:00,49.431273318267806,96.24189796731088,74.41356866198359,0.28950843941956006,26.97022450032363,12.230366660048693
2026-05-06 02:38:30,47.78361101367819,87.14286028879295,67.64299198129805,0.2929137836701683,31.80641515671197,14.248220895493343
2026-05-06 02:39:00,53.996617446040524,96.2140575997527,75.82356141444735,0.25,28.01544259789839,12.221813302687465
2026-05-06 02:39:30,56.90660071606784,99.27107666519136,64.18333847883002,0.6,23.712222477874956,18.775716637509756
2026-05-06 02:40:00,49.53974949605302,91.09189769029452,70.10827854303272,0.53644813354992,28.24871420342882,17.380688450343104
2026-05-06 02:40:30,54.43233563946869,87.9206043300433,63.81624366741933,0.6,30.087507825871374,15.364121271566612
2026-05-06 02:41:00,47.9022639332764,83.1615313393421,73.65317037898846,0.29801118791836617,28.645550412484283,12.062635860685205
2026-05-06 02:41:30,47.828716916342216,89.68289506673489,64.95898402302153,0.25,26.51866634012595,16.775104979776394
2026-05-06 02:42:00,48.822817427591346,95.43336210248955,70.6708984019621,0.6,28.651567793316666,11.264213486513931
2026-05-06 02:42:30,50.67733730082862,85.31229315620699,66.04706455306203,0.36989895068190054,30.41558154619445,13.453928366382016
2026-05-06 02:43:00,52.07436424686213,98.89810232944335,73.01348864205411,0.28713770584032544,30.23006993851036,14.641357341305405
2026-05-06 02:43:30,47.43699408616722,92.24252763387493,70.12430406383905,0.6,24.654091630076305,15.024308146831084
2026-05-06 02:44:00,51.08919369865851,95.77832784742614,64.84152317095763,0.535328528901149,27.298299838018885,17.118498868966658
2026-05-06 02:44:30,52.5382811344426,100.35730798301087,66.64377240038978,0.32294058502523126,23.6710555069721,17.73708554591318
2026-05-06 02:45:00,50.54484649644586,86.24842943082815,69.69695779202814,0.31627172287171607,31.60954431409059,21.465531147311417
2026-05-06 02:45:30,55.537235990645286,95.1358918561076,64.11895949471582,0.49742333586578535,23.643797091798483,17.748236820373005
2026-05-06 02:46:00,48.96937825406238,94.09336485400497,74.46409146442971,0.25,25.332569855734473,19.5454380090749
2026-05-06 02:46:30,48.28720610367677,99.13718581135122,69.93081673041087,0.29046905313111215,26.44979077685066,14.44960564161908
2026-05-06 02:47:00,50.88002631113831,97.75014725843918,72.7232451439228,0.6,27.51845907109411,17.837993039214147
2026-05-06 02:47:30,52.06229046679274,89.75502618217543,69.20502367276931,0.27176825351343425,29.36625088978093,16.835156073370648
2026-05-06 02:48:00,50.544333179891694,93.57507461829947,74.47338905604717,0.6,24.504883812149277,19.451556644232337
2026-05-06 02:48:30,54.34373969067959,90.11765384211296,71.86918173041616,0.5627888015202928,29.375187783516893,17.53002560348493
2026-05-06 02:49:00,55.46446831908657,97.84092971183009,67.93436362190839,0.32492307964893496,31.25826857602902,14.980476153166313
2026-05-06 02:49:30,54.426067777200316,92.58082858936122,69.87886211941525,0.483269629448724,28.541030764293676,17.68494481436872
2026-05-06 02:50:00,51.23847567669043,91.61546077100832,70.12131710103337,0.25,27.543165999435907,16.617838181636152
2026-05-06 02:50:30,49.00061948735713,91.27497163607251,62.14681873634963,0.25,28.174635402318415,14.69136760670963
2026-05-06 02:51:00,56.90660071606784,95.25048732732283,66.65549582055333,0.4448365846585404,29.624627471434945,13.46835444531153
2026-05-06 02:51:30,46.662417686598694,91.24160603265562,75.32049940492976,0.3213288141001704,27.609930201652798,15.082420189070953
2026-05-06 02:52:00,48.80281208882628,86.43605065302914,70.25613182791557,0.6,29.865816094310016,14.363659563611073
2026-05-06 02:52:30,49.88885997338091,93.80841571810099,71.87686017139973,0.25,28.292824117663535,16.634576440743718
2026-05-06 02:53:00,54.05061992755608,104.80383387390509,70.85036350051983,0.2808128016957486,29.70791277241597,18.55756134032325
2026-05-06 02:53:30,50.85463024571469,90.73050900429484,69.68961833146184,0.6,24.620608843910123,18.935623693517424
2026-05-06 02:54:00,48.823923058876424,89.70310018553901,69.27352684136233,0.4840123423180057,27.638689331992712,14.451986515677701
2026-05-06 02:54:30,51.238650655326225,97.29306381549137,67.68259720361928,0.5315011285785894,24.95346202038788,16.28759439052612
2026-05-06 02:55:00,48.904342948766256,86.87724854104172,69.47934742273192,0.33623753132925344,33.20403264551524,13.922099236061662
2026-05-06 02:55:30,54.70760549228041,84.31432421338023,72.3267054198849,0.5266652651180026,29.534338727718332,15.349055797108205
2026-05-06 02:56:00,44.38228690411783,95.34521119983576,63.88323781708014,0.25,27.826641263078205,14.828481764097486
2026-05-06 02:56:30,49.17898094611424,94.28664133403312,68.11708592468428,0.33154277232853646,26.426585398282388,13.241800124142364
2026-05-06 02:57:00,46.88428540220287,90.92248854882409,74.88711635977776,0.4997092472039639,26.898464699437564,15.864037148733525
2026-05-06 02:57:30,53.78827929357684,91.63001746265388,66.48090582984007,0.25,26.953749381839476,17.88693760760116
2026-05-06 02:58:00,46.672906382236015,91.68764514055778,69.05688956033356,0.6,27.701249397321515,10.971407787790767
2026-05-06 02:58:30,50.44040490125405,92.32209544734864,73.86947956972895,0.25,29.569567405975505,15.562329235081982
2026-05-06 02:59:00,52.60798639112209,88.5870381618844,75.91900043436861,0.31542274118145136,26.04167796534604,11.827954672970751
2026-05-06 02:59:30,51.533533781852064,97.08094861189541,59.35451326223387,0.30604627862574163,25.35204875642132,18.013758772449936
2026-05-06 03:00:00,45.66815948975251,88.7615935688764,71.46728579970696,0.6,25.107958768429803,16.81035943552893
2026-05-06 03:00:30,47.58503580240122,95.27723122420558,65.57956050277052,0.35912219445106036,28.692146950376085,3.5580874892346426
2026-05-06 03:01:00,45.0909735895386,85.34402565892188,61.092828049914004,0.40913044108096747,24.661532347771008,21.30906643672276
2026-05-06 03:01:30,50.88318051464807,96.2819858708125,77.84014050514644,0.4575660489120574,29.509807088762745,14.261290620220034
2026-05-06 03:02:00,52.554931707458394,81.30271429028798,68.23570069293771,0.25,27.00924968439044,13.552409787038687
2026-05-06 03:02:30,47.216512330116025,80.64676184623225,70.94556284727312,0.25,29.340746696436522,19.828134990294853
2026-05-06 03:03:00,53.13472049189527,103.91064264572354,66.5001069010516,0.45497431737141775,25.093600428105024,17.202763252537768
2026-05-06 03:03:30,50.12816253773538,86.47430882503312,72.22813237132053,0.5632275742539994,29.069455067014005,12.637175665409817
2026-05-06 03:04:00,56.90660071606784,94.13891183592646,67.27711951669822,0.25,29.928356962506864,15.545744196650107
2026-05-06 03:04:30,48.66174519280236,98.75403839037914,73.72735189522987,0.5084443002819525,25.210434040859276,14.084850246367056
2026-05-06 03:05:00,51.26326269351814,92.73325271192559,71.7831064603888,0.6,27.63231416880302,17.321092591150293
2026-05-06 03:05:30,50.9028883745444,89.55464004397165,61.41426397754346,0.45277621268248797,29.822548610979148,16.080086686436136
2026-05-06 03:06:00,49.63555354528513,84.0375081863254,74.9067152369164,0.2709509999055595,26.07740915742774,18.040004969646095
2026-05-06 03:06:30,50.63997840254914,105.6697190351457,75.66862957638317,0.32302460006175837,27.28049935456814,19.755679621292533
2026-05-06 03:07:00,50.538020211332885,93.744969846516,71.61774805596524,0.25,30.65040529349058,18.505126734496894
2026-05-06 03:07:30,54.35476128350021,78.59199154488685,64.58455137915274,0.520355564633439,29.665148717428657,16.54421733145287
2026-05-06 03:08:00,51.509153376573245,90.07508493333536,69.79090787022311,0.25,32.6963656554388,19.310668252967584
2026-05-06 03:08:30,53.80269961509858,92.2153338588272,75.10755661987622,0.4694241944546982,29.25287091855823,15.197381559708944
2026-05-06 03:09:00,49.29557890541312,92.60279892196853,72.20269660346632,0.41094103591562753,24.14155859135539,14.137383283854044
2026-05-06 03:09:30,56.30382716508008,85.91851268928757,64.66591677145439,0.25,32.602624229823,19.97044567411376
2026-05-06 03:10:00,49.24645392922647,89.72229329843168,68.6202166342466,0.3763549465477418,28.48056365065115,12.710624396085915
2026-05-06 03:10:30,47.610522096682566,101.52442670227535,74.09714281554565,0.388259602988806,28.974810350129896,15.35790128805359
2026-05-06 03:11:00,44.72963128393058,91.8000577150307,67.40779494900961,0.6,28.608769599991263,19.08376346587558
2026-05-06 03:11:30,48.92238790882854,87.20804495575635,71.3907823911687,0.42396966238697614,25.49001700249749,15.201160137654163
2026-05-06 03:12:00,51.90616128742705,83.61256026794368,69.0501227264658,0.35644923151097374,27.819793985237645,14.99751148065772
2026-05-06 03:12:30,49.512703107273325,98.00239051331644,74.41258704938627,0.5944711914969915,23.687443816077042,13.989231490690717
2026-05-06 03:13:00,46.18518795142677,92.82873195061981,68.62624930623788,0.2575253640604538,24.267853433629178,13.303164035916165
2026-05-06 03:13:30,48.56909434839187,87.69462536062711,66.02153324852928,0.2766532376713845,23.277165736142273,14.155131125657338
2026-05-06 03:14:00,46.099675412120945,84.03511045779004,74.47199248754552,0.25,25.511383107991517,19.771034255516774
2026-05-06 03:14:30,49.89221856244043,86.72850658958727,68.78132102880845,0.49713458870494687,27.041236839372267,17.6649019713133
2026-05-06 03:15:00,47.451374493932065,84.31818627065861,76.15553804552108,0.4305439557422724,25.93222661952063,18.775056369573573
2026-05-06 03:15:30,55.605552478307565,94.25970499297033,72.71971820739924,0.6,29.434279386299824,19.737276367816396
2026-05-06 03:16:00,49.409638360713316,99.00480889468719,72.1912953532757,0.5643403586751583,28.41402710490533,14.958109176283436
2026-05-06 03:16:30,55.97758103759179,94.83586864033735,74.16823417656062,0.46595396564337704,29.90070821636162,15.289674067025752
2026-05-06 03:17:00,53.2362205190494,94.29649019239521,73.00528505981403,0.34508946761278547,24.466104949168574,16.814808012260993
2026-05-06 03:17:30,48.71180426116961,87.9120096442725,68.44068215406007,0.3870672806242189,27.114232604061204,12.820835155702994
2026-05-06 03:18:00,45.847303759854306,86.45263125990552,67.96787062406615,0.6,22.58201859393296,13.253882824257467
2026-05-06 03:18:30,49.890844440995565,104.37102725668623,66.48105107476401,0.25,23.41550432004051,18.41716263346833
2026-05-06 03:19:00,51.28829645168919,96.11400128422527,68.23141433552635,0.25,27.669513784214825,17.97610595671596
2026-05-06 03:19:30,45.51151992750591,89.69980173544252,72.04558795988,0.3193930306867368,24.820994833225683,13.005465914530307
2026-05-06 03:20:00,52.81816788255767,86.75136986867516,68.74557571193505,0.4552287121403161,30.91735121438396,17.3614887026162
2026-05-06 03:20:30,51.42483108879422,99.3861778304056,72.02080952347536,0.5947225355267436,25.54205310019571,9.154540928807576
2026-05-06 03:21:00,45.00524096137179,79.09610234085372,66.83811841662465,0.25,26.20026261429993,12.035214480838906
2026-05-06 03:21:30,49.3583151924837,103.22531849064913,78.35620174720793,0.25,23.632909015211975,13.869689988249368
2026-05-06 03:22:00,55.55991269739087,96.90883682001216,72.56502735667473,0.574262844334811,25.45680751079473,14.325777206347416
2026-05-06 03:22:30,54.27811963268419,89.98918608856691,69.98399121392852,0.6,24.271808323284976,11.106904858411696
2026-05-06 03:23:00,53.244498956759934,92.13373629157762,74.2168014667648,0.6,26.859218188220083,9.348711915735585
2026-05-06 03:23:30,49.25184097338615,102.69986603813891,71.90469668980437,0.3477601560979528,25.55336649221482,14.388008115430143
2026-05-06 03:24:00,46.193267041835355,97.45792066978552,68.88071873091067,0.25,28.42600299163363,18.634943865471097
2026-05-06 03:24:30,47.66522535364573,98.02664167409243,70.16305789735651,0.25,27.429919562520634,18.872529215077787
2026-05-06 03:25:00,47.639082278184645,98.67894504882402,69.49680772570785,0.25,27.03756255569541,13.42905318372444
2026-05-06 03:25:30,49.16865181314861,94.8738093963723,69.25600400512404,0.4220890707151936,25.892026845237105,19.292649581363037
2026-05-06 03:26:00,54.30341401732056,92.76530717913569,71.05202318661476,0.25,28.39383390681073,9.567942713232693
2026-05-06 03:26:30,55.850059460175515,96.09521810269463,72.46399967355212,0.5935431228925228,26.9559016026193,12.528394136267552
2026-05-06 03:27:00,50.14525947720845,95.18182487820303,70.40825961151961,0.3998383705814107,30.80098674219135,15.739832507373757
2026-05-06 03:27:30,54.475349293303644,90.35808605608399,70.52653292055848,0.6,24.812010836460832,11.727531560044056
2026-05-06 03:28:00,54.796122191305926,90.08617506400239,70.6322434844356,0.26239775952979705,28.62198724147102,14.554050089285479
2026-05-06 03:28:30,49.489640923453486,91.90847119964582,68.07547574596163,0.25,29.66677701268638,16.087671837887978
2026-05-06 03:29:00,50.66030493183514,95.80402967265009,68.10730867957825,0.25,30.998760434559554,16.560365713965464
2026-05-06 03:29:30,52.3831328649181,85.9904405883579,69.23716552858305,0.25,25.279274388627016,7.98165633747272
2026-05-06 03:30:00,51.08851685627223,89.75703157916513,63.49152184547424,0.43428548273440426,26.857456477270382,13.75063616518452
2026-05-06 03:30:30,51.706168719543506,92.63482873396974,72.34816840839264,0.3676369448444462,30.371991965044575,15.164655208712666
2026-05-06 03:31:00,51.750614433714674,85.38477651091249,66.69838102028744,0.6,27.465362388417446,14.791192677457506
2026-05-06 03:31:30,44.86279345899749,104.25472954905193,66.85739685644836,0.25,28.8629911788055,23.03140725394554
2026-05-06 03:32:00,47.816354983402185,97.41703375645051,61.41838951584535,0.25,28.229951625644503,15.60318790700217
2026-05-06 03:32:30,44.32350682101648,99.32972578893784,66.01077905876144,0.25,24.191512586562165,15.098065835266773
2026-05-06 03:33:00,54.92026700980139,88.30588620891606,71.5889717833205,0.25,29.649497471315957,16.20449516154907
2026-05-06 03:33:30,49.98824286364995,94.23996419188231,69.49233631517093,0.25,26.316340933451475,14.726913467421134
2026-05-06 03:34:00,52.74688422881998,93.97449911482767,63.0316930249375,0.6,25.624011613802345,14.101434297822097
2026-05-06 03:34:30,49.27122167572002,94.98772134474811,71.20069979934354,0.25,27.349417451947023,13.917849891477562
2026-05-06 03:35:00,47.26805239834661,96.43817196963263,69.93201286553835,0.25,32.85158849131245,17.460211913821073
2026-05-06 03:35:30,47.79731265520076,93.19676735395988,71.03441714672924,0.6,24.886194640070677,19.02603148654931
2026-05-06 03:36:00,52.520388467725176,94.5432195170959,68.12253846542347,0.42478403206093635,25.76552561111167,13.265076200087973
2026-05-06 03:36:30,50.65643020777202,83.05481590353939,70.16804966834718,0.6,26.586465683329486,11.502588536693821
2026-05-06 03:37:00,52.55080935833169,89.56826341974129,72.31018086758029,0.3074874582784194,26.777905817018947,14.724119170137012
2026-05-06 03:37:30,50.58369073345727,93.88995276389063,70.01138164783707,0.25,27.1286779046628,17.16858872962834
2026-05-06 03:38:00,50.0115728583195,92.70436224685133,69.72226173792544,0.5560765479756492,29.819814967657756,12.326126595667219
2026-05-06 03:38:30,51.858859577871826,96.3742939049784,78.62807843873775,0.6,28.46797147215095,13.810391401299336
2026-05-06 03:39:00,54.923279024083776,87.66080696341201,66.74349132607055,0.2594298575587435,27.22209829302002,12.955556556367974
2026-05-06 03:39:30,51.58697335523165,93.2265872020856,77.26297973217353,0.4522437742929801,29.70329702618818,15.578205925932558
2026-05-06 03:40:00,52.24380284068761,91.72833035163767,69.68726705906886,0.25,25.870269525732922,18.061561430433756
2026-05-06 03:40:30,44.80388531436317,94.70891621498215,68.95256974636847,0.36351400039543286,31.016501316116035,19.876699865319118
2026-05-06 03:41:00,52.17729579375714,86.24464269332229,70.62374431933256,0.6,29.632421448068058,13.089400618525115
2026-05-06 03:41:30,49.36044184713565,92.08273781693484,68.67461623896163,0.25,24.051088238620533,15.529635228384183
2026-05-06 03:42:00,50.915066174423515,87.33743582298052,72.73288302780797,0.25,31.255793752494213,16.07203919631013
2026-05-06 03:42:30,51.21827646993261,81.39417722771773,69.48016156293049,0.36950993296862283,24.256514734075346,14.633205568803222
2026-05-06 03:43:00,48.31060126054713,87.87839688388736,71.82195795784448,0.3294900979455018,30.295048042606034,12.909772734334581
2026-05-06 03:43:30,49.24993531423854,90.66278195699886,71.69392331979267,0.6,29.49018982305164,19.84718242594242
2026-05-06 03:44:00,50.92983105108469,98.63924395382651,68.08875562644079,0.33759616860420105,31.0463468015212,17.27759418101752
2026-05-06 03:44:30,51.951952904373805,82.7423887266858,69.70012962425697,0.25,23.25247579157827,15.584442401792177
2026-05-06 03:45:00,56.90660071606784,86.3465210358831,67.58604106432597,0.3836017721585018,23.80042810045566,22.754416228658197
2026-05-06 03:45:30,47.17100198728297,95.50010928622466,66.49494099482139,0.25,27.04285024952932,19.768809350157433
2026-05-06 03:46:00,49.63187692378816,94.75687935181078,77.82497387159134,0.37464721472013646,31.705785322625488,15.70137109897881
2026-05-06 03:46:30,47.555875265261975,89.380463602264,70.41630679381461,0.5408232588773377,28.76143639557009,16.333177453263374
2026-05-06 03:47:00,49.18976063725105,89.08834340987868,66.3494389001253,0.25,26.052765422521833,14.59305426402401
2026-05-06 03:47:30,54.0339462486336,82.15978955577225,71.63928013686436,0.6,26.691489905922417,13.272551877366253
2026-05-06 03:48:00,49.71768430351001,99.76866198929568,72.96868351232845,0.5104316641595779,28.333448755848767,22.604530291170114
2026-05-06 03:48:30,48.610401523976506,92.61563681340895,71.07855562577791,0.4750852304495122,24.19810949098284,23.17740021085765
2026-05-06 03:49:00,52.288306491847365,94.44342783364486,70.19236448891367,0.41688861146650746,26.288652182648494,12.471420541994869
2026-05-06 03:49:30,45.67398302676836,92.77203985885573,72.87657099505158,0.30563436582718595,23.55245777282284,15.304913819520815
2026-05-06 03:50:00,52.8895868711615,95.59110061274633,70.3766531891523,0.25,31.04461328426489,13.315633705233093
2026-05-06 03:50:30,49.080225644257354,89.44673773102366,66.46972720375693,0.5518412801460211,30.911199435223764,13.698942570351909
2026-05-06 03:51:00,54.63186437123676,93.90883790474395,65.80870425072081,0.6,29.499999750205873,14.894841794850988
2026-05-06 03:51:30,49.688486653720325,79.1062859397245,70.03666882451049,0.46938724496716383,28.001454310553758,12.10328549619431
2026-05-06 03:52:00,51.062315169845604,90.41441607978423,71.635188337223,0.6,27.274985353143737,14.673224328046505
2026-05-06 03:52:30,50.652053524627696,94.98675813589627,72.37004690304268,0.25,27.44150246293799,11.37950451085924
2026-05-06 03:53:00,52.31399047960851,93.23771344180813,67.82833404634273,0.25,29.09022151203821,14.651851377309042
2026-05-06 03:53:30,53.93129297918685,96.28906204237278,63.58894939143827,0.4668534280829161,33.20403264551524,16.394644164791917
2026-05-06 03:54:00,47.510229356273,96.99482203881972,64.07634651978621,0.3258652552513168,26.207608537833558,14.468144829744624
2026-05-06 03:54:30,52.61199265622836,88.74065662605331,78.62807843873775,0.6,28.01505058552364,14.664979118265254
2026-05-06 03:55:00,53.35135450817615,95.78367414613915,70.9136857311603,0.5171201624784033,28.053593233882935,14.908144079476319
2026-05-06 03:55:30,53.63421784829504,98.54294937448012,64.51659480619077,0.4566168865705772,22.863749671902536,12.26174823483204
2026-05-06 03:56:00,50.815632447109145,91.57817589693879,72.61921080949882,0.26499678516441205,26.428438788532276,10.282501090454556
2026-05-06 03:56:30,51.5806758097501,92.53520023380176,70.9398921561766,0.43776941421660226,26.036376942768502,17.84652141878097
2026-05-06 03:57:00,54.866249074764156,91.013964668204,75.52254479859013,0.6,26.32985440307918,15.125544619976223
2026-05-06 03:57:30,44.60082708012139,85.95356497664305,68.75940204225267,0.5745362240957785,28.985053317754254,19.184659718675338
2026-05-06 03:58:00,48.80909704928128,89.50200268656711,69.04658548117331,0.25,23.28273377314103,13.284703772388163
2026-05-06 03:58:30,48.73179451990354,96.91164432344605,70.45102326422106,0.25,26.553491064815628,20.28973524178501
2026-05-06 03:59:00,48.56196793765011,87.26535127054649,72.87124210209427,0.5551589327944121,28.303420477854274,16.866337064284178
2026-05-06 03:59:30,51.68020983664283,94.10651039321631,77.04105770361961,0.319373857153635,24.34625396676879,13.214281781449406
2026-05-06 04:00:00,50.677119380953556,94.77903134094082,72.99690975904004,0.6,31.577392201744157,17.211227552746724
2026-05-06 04:00:30,50.45296950781518,89.07500843902908,69.79458544524373,0.6,30.16247508738077,13.042827535475592
2026-05-06 04:01:00,44.659893835917956,95.62475448348727,74.49476009964123,0.6,28.969686345524398,15.816369237178266
2026-05-06 04:01:30,50.914411941092126,90.71887104284382,68.29022147171213,0.6,30.134272636063386,12.752356847121643
2026-05-06 04:02:00,51.54684787141451,96.77147668632377,70.23383204863103,0.6,26.20103698156547,8.904435427920866
2026-05-06 04:02:30,47.812768832219355,97.35392278306743,67.83027811520125,0.32071459423727045,27.811398387413547,13.26540689906631
2026-05-06 04:03:00,51.178151550951966,99.78132107621335,64.44059606493511,0.3272220135206309,24.190030021870225,16.900817035643875
2026-05-06 04:03:30,49.25517485023224,92.02570011241068,73.35744502347329,0.25,29.33695926117137,17.401570440309758
2026-05-06 04:04:00,47.347997392842586,97.77368050749958,68.29540949808232,0.6,29.251540806965195,16.85329124020887
2026-05-06 04:04:30,50.69877301169447,94.10731646527118,70.01579622311507,0.3377345693857815,25.11284178482775,17.052531362556326
2026-05-06 04:05:00,48.45618030346298,80.90837897688064,73.70024217815423,0.5415689601538246,26.614054784404225,13.182757692736985
2026-05-06 04:05:30,53.473693999266324,90.30620570958246,67.08593616665016,0.25,28.03937046218384,14.688902140177303
2026-05-06 04:06:00,46.77820785840354,86.47652350065115,67.49941810670413,0.4475258125696355,27.121916458646485,11.757024115341892
2026-05-06 04:06:30,47.16884619909078,86.67583384405495,67.16757470664753,0.47012616814119423,27.145928382184433,15.977635951675415
2026-05-06 04:07:00,51.32155756263199,85.52045417192383,67.1985665349679,0.25,27.773662715540134,11.470191686907427
2026-05-06 04:07:30,54.025293131678126,79.5392856125876,77.05412452638494,0.4865580033541653,33.20403264551524,21.423144786657353
2026-05-06 04:08:00,47.572028296971425,98.14676096947301,69.34558000282306,0.2846519296351821,26.338612952153355,11.369503410086107
2026-05-06 04:08:30,52.97955826149341,92.20940991227775,71.83261664967385,0.25,26.014571987263047,16.403075814908316
2026-05-06 04:09:00,56.44823603309269,94.46595434905093,64.8416624091023,0.2892868465879106,26.110069172587448,17.479428503414876
2026-05-06 04:09:30,52.82171301736082,98.84777241324001,71.21937639990861,0.25,25.41746088664796,18.614847240758763
2026-05-06 04:10:00,49.92134249195354,90.03198434860563,71.9355556489044,0.25,28.657265966460542,15.181080454517502
2026-05-06 04:10:30,49.37123921318175,83.45143149328888,66.56134661918075,0.3556280347203007,26.712394586101293,11.877978240165465
2026-05-06 04:11:00,46.95992568863611,96.67317705172252,72.2044566520291,0.25,23.813022333071817,19.765426757822453
2026-05-06 04:11:30,49.522537721656995,87.19870628601781,74.50906156822953,0.3516730351722663,30.891850690002713,15.714680547376927
2026-05-06 04:12:00,54.780342766419984,92.64781462165962,65.32537562783833,0.41466900610038443,27.394850875761694,17.925482957137554
2026-05-06 04:12:30,51.16302725137083,87.71600911522026,67.67236742757122,0.38096373094506797,25.62869005953208,16.809848725017563
2026-05-06 04:13:00,54.21702757550363,88.80900037342782,69.68953791951213,0.25,25.07943810123556,17.272921252805535
2026-05-06 04:13:30,47.71855016435273,87.31838681794036,76.4887760422647,0.5478172180642471,26.311700581587274,13.823850141677175
2026-05-06 04:14:00,49.79671868614227,96.18786670744873,75.02825492924747,0.6,26.110645024884857,13.829883421221275
2026-05-06 04:14:30,52.8111267121853,94.3832499422596,71.70139578653178,0.33527272485618154,24.883968986115132,16.677957531817807
2026-05-06 04:15:00,47.988782908527675,95.41065124883717,73.9298256032109,0.46164695561756663,23.155090827153654,14.48203499448098
2026-05-06 04:15:30,48.800497223596224,99.09958490850022,65.87726337574075,0.25,27.646206754330255,19.127803553150983
2026-05-06 04:16:00,47.35439059607183,102.84111077351376,70.88144149872663,0.6,28.906409464064858,10.732471330675857
2026-05-06 04:16:30,51.77303982957233,97.16348280010611,67.3593109953366,0.25,23.824390385285273,13.358883524377603
2026-05-06 04:17:00,56.90660071606784,89.74477307084355,67.68583301957129,0.6,30.01244239994835,10.678463945821992
2026-05-06 04:17:30,53.377745760718675,89.18416969879847,69.50476831495001,0.5425745750931075,28.274673080943355,8.89597301721819
2026-05-06 04:18:00,52.922823902195056,93.33799799386074,69.24510656339655,0.4076224228001341,26.51142348330684,13.827341117854198
2026-05-06 04:18:30,49.99240496843966,91.9241342084712,74.83299099718658,0.49055269570809756,26.54243393080337,18.676058645917877
2026-05-06 04:19:00,47.38478997695969,86.53064362845403,69.4858644931565,0.25,29.45501989274836,13.42060500724995
2026-05-06 04:19:30,54.70793213654823,91.86607538617396,75.18786987287848,0.28908526536220824,29.21229385366087,11.860347076768674
2026-05-06 04:20:00,54.68340409878073,95.83771507075231,68.1215196606828,0.6,25.030804914203614,18.749651951465093
2026-05-06 04:20:30,50.33744759937095,88.92457569171366,69.85533561297055,0.25,27.572134026601823,17.38946187303054
2026-05-06 04:21:00,43.286446710231765,91.39621910230888,69.53290502701284,0.2626717181197138,28.522674382680314,15.201401371407412
2026-05-06 04:21:30,56.0433865103561,93.16830793317612,76.89363213690305,0.49964095575447864,30.30832057432761,10.496006984546709
2026-05-06 04:22:00,53.516650682532635,88.91372409988871,70.22354648120366,0.6,30.506892142663162,8.052197092156675
2026-05-06 04:22:30,50.45249956639576,91.18710083266058,77.53017225748721,0.3121503913782795,27.69766310903935,16.31374745626814
2026-05-06 04:23:00,48.96947572237132,93.50596104219755,78.62807843873775,0.25,27.30040158644673,11.915296718244047
2026-05-06 04:23:30,50.68425419573124,100.93124354401198,75.51325994331461,0.25,23.737762952712902,13.67480229159748
2026-05-06 04:24:00,51.49580204248658,94.33735182083183,62.24848883840855,0.6,28.690608453765282,19.3693479070477
2026-05-06 04:24:30,46.30658278898137,100.22398256046968,72.18625432850946,0.48332924496631724,25.998918885028054,16.1878416730461
2026-05-06 04:25:00,51.527343790371305,98.18766940985473,67.202906493854,0.3714536352988245,29.458910381236254,15.51359063659313
2026-05-06 04:25:30,49.784437892966544,95.78418649773333,67.61586941484873,0.4355044613877497,33.20403264551524,15.829724394886977
2026-05-06 04:26:00,46.69619419901111,86.52177540700782,65.45253924073567,0.25,30.1045884666199,10.642785482506156
2026-05-06 04:26:30,54.314066939067374,89.17385101793741,70.89653227560066,0.3973137214398138,28.34770910806056,14.687185444257528
2026-05-06 04:27:00,52.147234487676805,97.75388635169249,73.18050402976444,0.25,32.89913057356744,15.574516638420869
2026-05-06 04:27:30,45.592877759396025,89.08821585409127,67.1440124409548,0.6,27.973779741252415,20.05967466089375
2026-05-06 04:28:00,49.92153969482545,91.65036386695779,63.37778287752986,0.38381587058672084,28.93303843964738,18.40577283459949
2026-05-06 04:28:30,50.01728517369285,90.97462916146512,69.62966293798277,0.375617237549225,27.410399065069953,17.3534732722653
2026-05-06 04:29:00,53.255179402326284,99.95735674038679,68.59067448678803,0.30653704320494723,23.382444236171047,16.12345950463334
2026-05-06 04:29:30,50.81115459485179,85.12280726147597,70.3427875741043,0.25,31.087305007780646,15.291838746415113
2026-05-06 04:30:00,50.1244284033186,94.67823035052267,66.20206938366431,0.6,27.85577000005778,14.2795303300018
2026-05-06 04:30:30,46.771040299892036,90.33363948695111,64.60989240927046,0.25,29.672700194409234,15.564960907822023
2026-05-06 04:31:00,56.56145560938984,87.34826694427122,62.6338216784877,0.6,24.32297978072426,17.992533569294466
2026-05-06 04:31:30,48.51668035370865,87.53436618288752,72.24574507664437,0.35438717289604793,29.222671171471276,16.192088639467798
2026-05-06 04:32:00,44.45498467884993,93.62436670089721,69.74506921227623,0.36450129796588643,27.46695178093259,13.786359496400475
2026-05-06 04:32:30,46.532971973047495,89.45027845783638,70.88927828876014,0.6,27.98130671958604,10.500033113379011
2026-05-06 04:33:00,49.343614101751044,93.53243296074471,73.44233652589016,0.44563610646909324,26.43461775863423,12.840432408841286
2026-05-06 04:33:30,49.311025250842306,95.40300144844932,71.60805581008029,0.4150008626525874,28.127666590133096,17.36314778264789
2026-05-06 04:34:00,49.29202460314619,96.4470738270854,76.14574507152783,0.6,28.778662488110996,15.596468118642271
2026-05-06 04:34:30,51.519035035503066,91.40936308175213,70.02992614607086,0.5358631649666028,28.891425094143656,18.277896223832407
2026-05-06 04:35:00,50.68194886874599,86.99088222357906,68.24252780397048,0.6,25.27568236204786,11.247622194694674
2026-05-06 04:35:30,54.79845984787575,91.92125915714546,65.21736719579877,0.4043637335386893,32.096663660586984,14.956693348063908
2026-05-06 04:36:00,47.85572909101799,93.63246301313136,69.27751662477787,0.4924650948932005,32.85948078293674,20.893676892399455
2026-05-06 04:36:30,49.316635161888854,96.37102383528027,73.22160632039834,0.6,31.44459125616503,15.299139818819734
2026-05-06 04:37:00,52.232492252601354,91.6942938763032,69.31843567472912,0.2662983043572936,29.183109649327683,17.640070990524475
2026-05-06 04:37:30,50.5219729024464,91.49844046026283,70.17862733469454,0.5277221603738375,31.676831088831964,22.378332677200202
2026-05-06 04:38:00,46.83849896416532,85.07540324210578,75.44323096387377,0.25,28.26547355219146,14.014610650242737
2026-05-06 04:38:30,52.321797511492726,100.5388638582825,68.4903344293394,0.6,27.12473848534945,21.44898969150669
2026-05-06 04:39:00,53.97650044710827,96.00436342743023,76.57118082780764,0.3441352375340111,26.116947475511193,14.97484080045734
2026-05-06 04:39:30,55.85393669757224,88.34542020305445,68.32341464158236,0.5817895185490121,32.549584066868874,9.265462251758137
2026-05-06 04:40:00,47.69930891434336,85.97480749187316,71.39303139305376,0.5079814597148816,26.287812961667743,13.901407572611841
2026-05-06 04:40:30,51.087438258242194,94.41497831842312,77.83704345417402,0.427267101202382,23.35246980866645,10.77897728335703
2026-05-06 04:41:00,48.930833821811625,97.12320707768191,66.00682713111391,0.6,29.52125839767876,17.699326948323105
2026-05-06 04:41:30,44.981081317573306,88.94537336169458,75.0951317274587,0.25,28.732301700937235,15.295506566444518
2026-05-06 04:42:00,44.17840621235492,93.12749552528786,69.2054710818397,0.5916845124623182,29.58266524608376,15.248922226024703
2026-05-06 04:42:30,51.573289151859036,96.6998157703921,67.61087133666487,0.3195476224411269,26.107198440997514,22.837222229529633
2026-05-06 04:43:00,50.32900544413091,92.89805496994572,74.45604952371588,0.25,24.076749200250365,13.043998869810956
2026-05-06 04:43:30,50.72424216343287,85.02977820606003,71.85672699966082,0.25,29.439238357176094,13.81052224183042
2026-05-06 04:44:00,50.7829929691045,82.56993186532189,69.42524747574872,0.5982551458894692,30.19531302954529,15.190939172411722
2026-05-06 04:44:30,55.258411933983425,100.15242438392887,73.29907194096339,0.6,27.99590977341973,17.184437572105963
2026-05-06 04:45:00,50.134665781100935,91.37124068898316,67.57603369949258,0.31626654199273707,20.686317980468637,19.649106411689196
2026-05-06 04:45:30,50.428208035300834,105.29051097562925,66.89990056932236,0.25,27.514471279662185,14.593105967604767
2026-05-06 04:46:00,51.38494896778179,87.16076758359641,63.288853310369525,0.2562561116930876,23.676168935092175,16.388034465461896
2026-05-06 04:46:30,44.68482878777174,85.2504124554518,68.92172369467009,0.550226634458731,30.849554942205224,14.503514304227787
2026-05-06 04:47:00,51.604691799169466,92.36195543934943,65.81631380390797,0.5740393567949771,28.342660795884772,18.467576263348892
2026-05-06 04:47:30,47.49696384654094,81.67304018688671,63.361731754865545,0.25,24.307807439199248,18.173127718159577
2026-05-06 04:48:00,49.98280922221283,88.24901878619485,65.9129076769892,0.25,24.820502242656055,19.58743655340099
2026-05-06 04:48:30,49.010079483856835,86.90464085281009,69.6397192587728,0.6,30.22499667382621,12.672946241166237
2026-05-06 04:49:00,47.34478299792972,94.7756460994697,75.24001778301958,0.6,31.968541907194844,15.07516268341636
2026-05-06 04:49:30,49.13481463464612,96.0593270825591,69.76260722668272,0.6,23.238504265436557,16.45532789496439
2026-05-06 04:50:00,52.819248790757015,94.05364477450608,63.45461261280826,0.4093924647506424,26.59258758951563,14.793670427740498
2026-05-06 04:50:30,49.45829777868351,95.42828415154366,73.35567520237821,0.34305887434147614,26.780980217579355,13.575776415536223
2026-05-06 04:51:00,47.402311851968356,105.00629393533562,72.24500323281875,0.25,23.073265254942925,19.49050259875346
2026-05-06 04:51:30,55.673041505175725,92.88412955725383,71.00572475370525,0.6,25.201850057932514,18.983462163010042
2026-05-06 04:52:00,51.82482522886801,96.30332727388247,69.28602864848487,0.6,26.985057133512935,15.14397721113518
2026-05-06 04:52:30,56.90660071606784,85.59798358790671,66.42709811396458,0.6,25.074580266506775,14.938087610256616
2026-05-06 04:53:00,50.93710981280539,100.53671141546928,68.09078726642532,0.47381258182497477,27.19959674633033,13.452781664179547
2026-05-06 04:53:30,49.52266931351524,91.15424165436008,75.09781728602783,0.2939017925652525,31.453159749237606,10.881084075024765
2026-05-06 04:54:00,53.052802273905485,90.28107905481573,71.14449531608054,0.6,25.110333132951364,21.343379175073864
2026-05-06 04:54:30,52.51928855210225,91.22550737409534,66.97930161192046,0.5685540310826649,25.645675357827244,13.035745223996454
2026-05-06 04:55:00,51.62211448414391,94.49016341510422,56.472477691055,0.45017219474068787,28.282976515957923,13.808703616426202
2026-05-06 04:55:30,49.678820626647095,101.75396855438385,73.48892018265894,0.25,28.515872429904505,5.693511496430501
2026-05-06 04:56:00,49.35374035871069,97.3489173459445,73.60148539853478,0.3816622940557114,24.00119448873376,20.68884871739217
2026-05-06 04:56:30,52.15906716090995,83.17738224072868,73.46658909257707,0.25,29.306243683754587,9.890085686125662
2026-05-06 04:57:00,54.27866375363325,97.10032974443038,70.08837331983965,0.25,31.15853003672059,14.909885802531328
2026-05-06 04:57:30,50.78889139989843,80.44622708321737,70.01753805689339,0.2512343585110639,32.5736236146048,14.186147475965837
2026-05-06 04:58:00,46.11359873883462,96.87541625525502,66.5549033378916,0.25,27.03191489191062,13.782212401707849
2026-05-06 04:58:30,50.49789226046169,99.92000753018314,65.79113451421667,0.25,29.838770126605244,20.151510001750708
2026-05-06 04:59:00,48.88054654213354,90.93073466154793,69.43653085315017,0.3618054703611625,23.4009652712454,10.388268462818159
2026-05-06 04:59:30,51.74100847590096,90.53506818270691,70.15064622194178,0.29820301579107494,26.087364785770554,15.908039268777943
2026-05-06 05:00:00,51.46718786327542,94.36455812914416,69.86040693815745,0.5182271077375884,31.282095630550725,19.763261274105474
2026-05-06 05:00:30,51.86629921381316,87.28513063979278,70.27126279461638,0.4121072933586947,26.038782921763268,19.86812243275824
2026-05-06 05:01:00,48.66995981448627,88.24897682870362,71.54424899325363,0.25,25.679746126791112,13.713146576796383
2026-05-06 05:01:30,54.87298721356241,95.9796501999401,65.05735981683665,0.25,27.954930943857796,17.629987054465264
2026-05-06 05:02:00,52.810998705616164,95.20610092526302,63.87385019594872,0.25,29.290501504483032,16.790730129271328
2026-05-06 05:02:30,48.64021533668829,91.77719398070073,72.1763729677368,0.25,29.469552111995775,18.98310878018686
2026-05-06 05:03:00,54.26196773994029,91.71666623412715,62.47441814214261,0.6,26.09241585090235,17.759333036788327
2026-05-06 05:03:30,49.13683473182417,92.29584928507997,68.71239402608755,0.25,29.116109039858845,18.02987971432267
2026-05-06 05:04:00,51.164606330637106,93.30084232202596,74.18853261409706,0.4099466786417998,30.5368047717912,11.873755244694946
2026-05-06 05:04:30,49.939710907651474,89.31043318216201,70.636018167441,0.43104443181010377,28.041211866774937,20.410815675297144
2026-05-06 05:05:00,49.9243013152914,95.88058615548837,69.10475104263273,0.6,32.00774335930311,17.173358635952884
2026-05-06 05:05:30,51.319964229884164,97.39438499996515,70.58089764817609,0.25,28.338585180835466,14.670143355713373
2026-05-06 05:06:00,50.037570211949465,95.46184309308133,63.877841213196895,0.5905245906406078,23.614125144570885,20.087559819137457
2026-05-06 05:06:30,55.776465924388866,85.26957636021167,71.82380176576362,0.6,26.774187414138243,18.14415260443129
2026-05-06 05:07:00,50.02168524902897,91.28063997099042,71.2148354307853,0.4970440117374326,28.18546273580856,16.83093399240138
2026-05-06 05:07:30,52.067487685835545,96.6298711175454,69.77662166105524,0.4654888963899598,28.539372433517322,22.398805266716586
2026-05-06 05:08:00,46.76008360874267,105.6697190351457,67.99430545747896,0.46827297597369477,26.99198720385098,13.015536380856812
2026-05-06 05:08:30,50.037208051492684,88.04560638946035,65.12396102043236,0.25,27.462586342060526,12.583512254646788
2026-05-06 05:09:00,48.777209573967966,93.44512747516026,71.80595380466862,0.6,23.299462238280952,17.54260086950676
2026-05-06 05:09:30,53.59452624555779,89.05992278290101,70.9796587030206,0.2521853342006364,31.860172761637923,16.795627462938317
2026-05-06 05:10:00,50.14454289426039,94.15749666879377,69.51219671081746,0.3113060555804079,24.584879982921784,13.584668449976556
2026-05-06 05:10:30,55.47937585093746,105.28944089914918,71.35722931137522,0.35132915148099597,22.69922309543444,17.63374406612339
2026-05-06 05:11:00,49.84292321196165,89.68146873584575,69.01562412582649,0.25,30.91306280690428,17.189654049620348
2026-05-06 05:11:30,51.75722191556142,89.66177322605833,61.21332319586418,0.43661301931182234,26.095590835722152,13.47402080635418
2026-05-06 05:12:00,49.61801433326076,92.40141310891607,65.63541620087692,0.3375132643262051,24.17843818058448,10.454228026038102
2026-05-06 05:12:30,54.753175722568756,95.6845759320889,70.11812916753381,0.25,28.12266456441977,15.096909565603697
2026-05-06 05:13:00,53.49379678218726,87.54119441085038,68.54005566419099,0.6,27.722048065496296,12.545381504481771
2026-05-06 05:13:30,51.03974230970748,95.88267075551828,75.18503789165608,0.5090802701440207,27.23184326681528,14.260647621342759
2026-05-06 05:14:00,47.92573740650574,81.00203760784785,74.36406312138679,0.3881087428567452,26.91080566598701,17.166309603558087
2026-05-06 05:14:30,53.17244759035482,98.67709271058206,71.40732479444844,0.28818461057201017,26.659507763576226,15.195972199524352
2026-05-06 05:15:00,50.56249150251192,93.4581588472931,70.17010994920068,0.43732581737835446,31.22497765741419,14.7686192383635
2026-05-06 05:15:30,42.681752044357246,79.941273491672,72.3690451862279,0.6,27.868267320618873,19.752995202368197
2026-05-06 05:16:00,46.414708552990355,96.73223253586569,69.0863428082777,0.5650296655025804,23.825663194954334,14.138229476836665
2026-05-06 05:16:30,46.883200268532576,89.36255369448574,71.36687399237518,0.25,29.90673344954519,21.815588885394007
2026-05-06 05:17:00,50.61421489613439,93.5826865382649,70.8408638473994,0.6,27.212493323448516,17.36926701295129
2026-05-06 05:17:30,53.16438987895308,84.68118456692443,75.27314773180915,0.6,28.440727062946998,8.585921384354847
2026-05-06 05:18:00,52.852978744517756,93.60679452789857,73.9881510548208,0.6,26.236795642286136,19.211941935513913
2026-05-06 05:18:30,55.80561265706059,89.02230194345631,67.53737106900334,0.5547674645024676,26.072133147490785,12.684620478343517
2026-05-06 05:19:00,52.28776471913875,85.46129391261253,69.51193938369094,0.4298753669119989,26.798200371565283,13.636263249193384
2026-05-06 05:19:30,47.633756112971156,84.16969802910178,68.67675695212743,0.6,30.435204228761016,15.209371806142597
2026-05-06 05:20:00,48.79365629432699,93.79388957035776,76.4605415576024,0.3733485447882232,25.95901009160325,10.983658914115184
2026-05-06 05:20:30,52.512073453613006,88.712555443562,70.65143914100852,0.25,32.35194655234275,11.926361121105463
2026-05-06 05:21:00,45.243352691841224,92.621520606127,77.57151314673665,0.4978981637137486,27.29433760229662,10.275050033004835
2026-05-06 05:21:30,52.143456813135636,85.14686342607578,76.95346419856386,0.25,24.892923583030335,17.167726199373654
2026-05-06 05:22:00,50.30706577666105,87.98623996209676,60.729064763298126,0.25,29.489361415300937,14.317170336206972
2026-05-06 05:22:30,46.42222043440427,86.92422055637314,70.39902414442922,0.25,26.33799629720634,11.209149568702678
2026-05-06 05:23:00,44.69238894656717,105.38742154543232,77.34679863736557,0.6,29.62298853593854,16.32263045207038
2026-05-06 05:23:30,49.22999109208302,97.12364455161634,72.3333922559292,0.25,24.269116469886356,18.776746353771074
2026-05-06 05:24:00,50.7047319023728,78.0327465259256,71.92697138316333,0.35532913505829006,26.328759447649656,17.571900086487314
2026-05-06 05:24:30,50.37213422154075,99.13006287588752,73.99755782970291,0.26236588296154684,29.08249912962858,17.32314028181614
2026-05-06 05:25:00,48.266200648774635,88.55924145060358,67.8972135269765,0.25,28.13413501864813,18.11660100274088
2026-05-06 05:25:30,50.84949214324902,87.17850889361989,69.8851265766138,0.25,29.53212682092731,14.153747064482955
2026-05-06 05:26:00,52.81492010071449,99.47351766314219,65.54095910772725,0.2687300682896171,28.124933300524905,12.943130468921112
2026-05-06 05:26:30,50.08027122046325,90.44064928430826,72.5026844926731,0.3732780066638993,25.268903331631503,19.24714129830278
2026-05-06 05:27:00,48.5530672727008,98.721852120683,68.72376008575985,0.3883050423011908,27.930462444682377,16.77934972844444
2026-05-06 05:27:30,50.3144159450451,87.64467238561265,68.4490941664421,0.3042868445060604,27.311188206061107,12.10678039144953
2026-05-06 05:28:00,48.08844882231735,94.23535517847502,74.65923288225353,0.25,24.27140886930724,18.024768945597863
2026-05-06 05:28:30,50.153800004103594,82.45320269919792,66.43133442114583,0.6,26.794846008881137,14.578571567619715
2026-05-06 05:29:00,53.5965614316019,89.75844509201336,70.91929282752054,0.6,25.800622261114054,15.676200181986225
2026-05-06 05:29:30,49.982015412207474,88.468922936201,70.12923607673878,0.25,32.00598785209785,17.878612138153755
2026-05-06 05:30:00,51.418992765351845,86.026998784173,70.6671199446513,0.435095249395591,24.820699903159973,13.739000830868175
2026-05-06 05:30:30,51.54628694262893,101.74158914253198,69.25250873009908,0.5913451188959338,26.116418999635016,15.163077747162712
2026-05-06 05:31:00,51.32403213356026,98.23881453414333,69.12781226823816,0.3836845136591723,28.63275501466252,15.722677410859157
2026-05-06 05:31:30,52.88271256009617,86.4103002768718,68.42294431320256,0.6,28.790057979418215,19.784061222018806
2026-05-06 05:32:00,53.15535177083818,86.85313742172468,69.93432684850157,0.2905967393232406,19.047569171213475,12.298196437693502
2026-05-06 05:32:30,44.495085982643666,94.13785225161348,69.62726199855358,0.6,30.942729645859863,16.749287559228154
2026-05-06 05:33:00,51.45498027266781,95.42253540615171,68.30203497321668,0.6,27.869906332822236,19.312740078714658
2026-05-06 05:33:30,50.13521529820448,103.10891646708392,70.7568084046057,0.4563454984899232,26.992219433364177,15.274719415065281
2026-05-06 05:34:00,51.13653800986869,83.7069329750895,64.92023440455175,0.6,26.24200603695901,15.389516195416117
2026-05-06 05:34:30,53.089128252923416,93.22013645299566,67.95413500918553,0.6,24.03614285351918,13.119443697258502
2026-05-06 05:35:00,51.03874487028679,96.44203838946827,67.58997860667668,0.6,27.330671419548718,6.126710749227305
2026-05-06 05:35:30,46.67868778212434,86.38824705532885,65.11328706212127,0.5086491098610699,28.32334343490506,15.859689708071958
2026-05-06 05:36:00,48.79067903913884,94.07325200036621,69.57719471185379,0.5034594968119732,25.589048211641114,16.057189714412477
2026-05-06 05:36:30,47.58881368348086,82.97305081446824,71.48824222415354,0.5640488609368297,25.00688884996524,16.424382201282576
2026-05-06 05:37:00,47.51016223957142,88.52968317543383,73.15557270168605,0.6,28.839506126366498,16.34645875189511
2026-05-06 05:37:30,46.444052524780325,88.5883417108454,67.67759455970419,0.6,28.736870502225877,16.721487959191105
2026-05-06 05:38:00,53.65021796659481,90.73412876925062,72.21123675602576,0.25,32.29747145171783,18.007326508415204
2026-05-06 05:38:30,53.47284035619489,96.91692892760437,68.46814946832033,0.5703675700741827,28.362202123766295,15.266120342137597
2026-05-06 05:39:00,53.60541800702339,80.97144762616384,70.01484647129207,0.5945838807716712,23.6652390290709,13.060644534950864
2026-05-06 05:39:30,50.65465539673345,98.0608674307791,71.78511448751648,0.25,27.682352536837143,16.64263912479675
2026-05-06 05:40:00,52.524563863637745,90.21237202963052,72.03471905865165,0.25,25.463159119340496,22.434166192082763
2026-05-06 05:40:30,49.78986418636372,95.59016642101723,68.98859043967342,0.25,30.518042138310214,16.34690371398275
2026-05-06 05:41:00,49.880376956461085,98.02607503692604,66.42979693709317,0.5749367061823994,28.8533127041986,17.911047641392194
2026-05-06 05:41:30,51.89754467482007,100.73906297223704,70.62851386808426,0.46595814406762504,31.494395853060137,13.09963042684873
2026-05-06 05:42:00,53.69992754213386,95.00571179308008,67.33849704086539,0.5502377993389567,28.95801281753,15.3645600448569
2026-05-06 05:42:30,43.859853152649315,94.026401394484,69.10888146552406,0.41611948244427815,25.006378265849463,14.742908726515916
2026-05-06 05:43:00,54.88038879810985,83.82812184328995,72.34713848755842,0.25,24.640483079466435,13.48708034275244
2026-05-06 05:43:30,47.173458703560044,82.91421826650358,62.69617434756604,0.4209907365689595,32.75475465961451,17.044623139205644
2026-05-06 05:44:00,54.413554490964714,91.83798626544069,68.75914984392759,0.25,29.206021421538946,12.259618263772587
2026-05-06 05:44:30,53.420256228382065,89.97814789736962,69.95706907009809,0.4308637974925432,23.000880820423525,14.144334750367324
2026-05-06 05:45:00,50.45017699975609,87.08103668520576,68.22250371769786,0.48466854920891334,21.210633797426553,17.76419903312155
2026-05-06 05:45:30,50.04493601412314,83.80729742890452,72.09967976003823,0.5942417929988949,26.908989819177712,14.94195265141634
2026-05-06 05:46:00,54.27088518863808,94.473212287946,67.13296668133151,0.25,29.280694970150215,19.904539869971178
2026-05-06 05:46:30,50.28566982736467,88.99438017628394,74.16661400398792,0.25,27.659620762328174,13.824963997175384
2026-05-06 05:47:00,47.434266747424985,94.00145817227342,68.4749555627401,0.6,24.75029207834467,13.24517950961313
2026-05-06 05:47:30,53.72964387005703,102.2761580077235,67.28260056636897,0.48151638262743335,23.074081771543508,12.397995934179868
2026-05-06 05:48:00,54.15536970895404,89.53542839378534,70.41968629058212,0.42817887724168097,28.21180431396644,19.72949806203817
2026-05-06 05:48:30,50.884534137292164,94.87581637192733,72.01309012033697,0.35707154411050884,22.483744603444926,20.174793588110155
2026-05-06 05:49:00,47.54749197043902,90.80589838809212,74.24452422775927,0.25,31.132277220259706,14.635602980129422
2026-05-06 05:49:30,51.4200365951178,86.76353446466454,67.15445440519314,0.6,27.845336059294805,15.463953409180007
2026-05-06 05:50:00,50.161582739816396,92.23449288619413,68.8759277562647,0.6,26.713870663769143,15.665889313948771
2026-05-06 05:50:30,51.19223744087535,97.8706067750022,63.495156509832945,0.5015181300358238,29.19325072887432,17.165350712915775
2026-05-06 05:51:00,46.405487355399266,102.59677327855557,73.67961316385727,0.25,26.946362697578806,22.460984598533365
2026-05-06 05:51:30,55.5622142693299,93.47748407582209,68.52317579017266,0.5403562802383199,23.967737472411567,15.359637032093456
2026-05-06 05:52:00,50.04851324862672,89.02548430578699,68.50382021819665,0.3042972215506001,24.17194435557125,20.730363282281502
2026-05-06 05:52:30,50.16836165272349,96.44923391969715,70.16428950497189,0.6,30.55899840957561,11.791104569947525
2026-05-06 05:53:00,44.72132074204322,95.90577260754755,68.19171563206446,0.6,26.956580236884562,17.37712506360389
2026-05-06 05:53:30,47.92766559418188,94.80563585849966,73.5906001664049,0.25,28.676091322761998,15.907633652534775
2026-05-06 05:54:00,50.737622297155845,83.27499343640265,76.11818593342353,0.6,24.615096530936412,12.202295299136527
2026-05-06 05:54:30,54.238256422216566,103.4782997464845,71.5142597012617,0.25,27.787833671046144,18.48646536824088
2026-05-06 05:55:00,50.020051151621615,88.48911512123097,68.6728008078922,0.25,30.532552513225077,9.39334362954687
2026-05-06 05:55:30,47.402482640386296,104.46578262935952,69.0637840158611,0.4649965637142087,27.354478466022588,16.462245879220593
2026-05-06 05:56:00,45.250365701367464,105.6697190351457,68.52538398296429,0.4767747769519767,28.95943354312644,20.03510361203451
2026-05-06 05:56:30,52.201787852148,94.2063685784142,68.99596533681819,0.5419355936698889,28.363086981172252,8.856204983745794
2026-05-06 05:57:00,55.886985385472606,91.04089271175914,66.90964525774264,0.6,27.02023054794145,18.063632705501544
2026-05-06 05:57:30,51.413836701561046,87.06758348683846,73.88002743724861,0.4293521893400527,27.75928002865898,10.733384937737082
2026-05-06 05:58:00,49.74831304728663,90.75889217134053,65.99026606544138,0.41105447738268236,31.53134163049644,10.265619469837171
2026-05-06 05:58:30,53.6301612521531,100.19997760291041,70.52670605369488,0.47925930466981304,30.46592924841036,15.07125166875018
2026-05-06 05:59:00,56.106478944631704,95.15330373036782,70.13188918358269,0.6,28.499503256936478,13.41200298356086
2026-05-06 05:59:30,51.002642778818036,97.09657288790271,71.63230888360879,0.25,27.10991966409306,15.505993244903566
2026-05-06 06:00:00,48.63811950601441,88.00490185841637,70.74423032083915,0.5551145563965774,26.164580005045543,15.932499608035524
2026-05-06 06:00:30,55.102681562760765,84.8089071902476,63.551927583226416,0.25,31.030280103891414,14.26282133274249
2026-05-06 06:01:00,49.394641800056974,93.11453542576153,69.28979891190465,0.25,29.837746892656455,11.627767425064295
2026-05-06 06:01:30,49.90030246025627,92.32926351603751,66.46100381069466,0.25,24.77057970454914,14.36390561110797
2026-05-06 06:02:00,50.48715994947478,101.90657498823845,62.96103768826737,0.25,26.86767335665214,20.370297622858143
2026-05-06 06:02:30,47.57635468696202,95.20701050117512,68.18900572224746,0.3064679470788284,27.1465094539099,16.708812807864323
2026-05-06 06:03:00,47.15472991249758,85.82173943431894,68.33149674191547,0.5939432281308473,27.40760495136256,10.339891704203009
2026-05-06 06:03:30,50.7603556456031,91.67946707097776,72.4833205684395,0.6,21.481493159776793,16.942678830214405
2026-05-06 06:04:00,50.01714614716517,96.81877735362879,71.14611489595073,0.6,30.266511928011354,12.391271045223162
2026-05-06 06:04:30,48.62988617722242,86.68396046332562,73.34121578215733,0.6,27.894850946161117,7.9679257436210325
2026-05-06 06:05:00,49.801986729468595,93.04788828646407,71.24344866860754,0.4869308441311803,27.529411730777927,8.320757195893268
2026-05-06 06:05:30,49.19310355625782,104.1419127784485,66.42832102399706,0.25,26.692475206995212,11.10162492568047
2026-05-06 06:06:00,54.52429405208313,101.45061286554741,75.86892696887631,0.5570781035028233,28.327979353997677,15.064515384661426
2026-05-06 06:06:30,48.39902967957262,103.90567584393037,72.88620425362319,0.6,24.25041250652441,21.823671875679405
2026-05-06 06:07:00,51.74988170051233,94.77422603904978,72.2004215173197,0.4371163620979295,26.60238874457922,11.831725503566798
2026-05-06 06:07:30,56.90660071606784,87.66019994205713,58.85829929289983,0.2747421982192845,28.513016322285214,19.712821882983523
2026-05-06 06:08:00,51.84448085357762,97.0760276287388,69.55420503725122,0.33426938165279774,25.795786691013465,15.453461210945834
2026-05-06 06:08:30,46.9655008714387,84.82122930278209,68.8282562712678,0.25,30.123125878462304,12.997101775055617
2026-05-06 06:09:00,52.25680045418708,98.00054425587687,68.76580603798081,0.6,33.20403264551524,23.17740021085765
2026-05-06 06:09:30,50.00976807951476,96.84347961447284,71.81884261790947,0.46749220591239304,22.066739743515395,14.299254224695147
2026-05-06 06:10:00,53.41413411949677,88.8798761447802,65.23720901220528,0.6,27.550959934131253,13.81740626485534
2026-05-06 06:10:30,55.16596534080212,100.9055219595944,66.78589609092109,0.3480443370827865,33.023955599988334,23.17740021085765
2026-05-06 06:11:00,46.97066230699953,102.76058144022574,76.37350517401312,0.450951783237914,26.44897059709894,16.038054463837423
2026-05-06 06:11:30,45.96263687680407,101.9330349793938,74.11606493152097,0.25,27.065533389523782,19.931024035006985
2026-05-06 06:12:00,49.37227939465045,92.83616487070822,63.099032077612094,0.25,26.583147573146903,16.718776007586698
2026-05-06 06:12:30,48.71553242489245,81.93178422984862,75.37639866660528,0.4693737829357307,24.866650553365997,10.03416049021951
2026-05-06 06:13:00,52.46418960628621,95.914709654778,66.40259725172463,0.6,28.024230194333008,19.305900937179814
2026-05-06 06:13:30,53.16552060628421,84.85788369066469,70.25764285424833,0.43028295748686085,27.020782775902934,12.154385045824935
2026-05-06 06:14:00,53.994241019367124,90.57317603421019,68.76668564179857,0.28193027608994614,22.55696522342673,17.692826581307276
2026-05-06 06:14:30,49.140305691709656,90.93901041573119,67.90091808674293,0.25,27.32631692466702,13.99053982973646
2026-05-06 06:15:00,46.68139240434649,93.8131975603234,70.69271207408737,0.37987666056589453,30.5261103808834,11.417868928989215
2026-05-06 06:15:30,54.906007944226225,86.84349127085044,71.26290234032966,0.42475139191277217,25.54195266412475,17.521147830054296
2026-05-06 06:16:00,53.07610885142729,98.19614129594645,67.30239430001723,0.3700013204509118,26.170004252771594,13.491322747540483
2026-05-06 06:16:30,46.87732375325709,91.48429729906304,69.98794462857784,0.6,26.012465911610597,17.325049333218686
2026-05-06 06:17:00,52.54209981778148,89.07475102594078,66.70222435686397,0.6,23.50122310159196,12.56927306970182
2026-05-06 06:17:30,50.63365365934455,92.6598704700347,70.57511963393797,0.25,27.455249423330873,18.740169160360914
2026-05-06 06:18:00,48.226938814551005,89.78796512257375,75.19236998465854,0.594235644476486,28.286297498617238,18.99724876434079
2026-05-06 06:18:30,51.238788362745865,81.7196330896365,66.29087562448973,0.49622387686968683,24.327994111741166,20.31861019405677
2026-05-06 06:19:00,50.213824189608076,92.8545050023828,70.68301059421393,0.40785493706037135,27.537281199404134,19.04936187648082
2026-05-06 06:19:30,51.0508704576421,87.28860867106576,62.108188797385296,0.5013504351580402,28.59515571369179,9.626772304948943
2026-05-06 06:20:00,53.23649643071333,96.11914678096883,68.48996597688854,0.33421074958869523,26.14088299296181,15.458627907155046
2026-05-06 06:20:30,51.65725650593043,89.01412804798802,69.0930557265411,0.6,29.24200473000431,14.435740852442713
2026-05-06 06:21:00,48.73656110829628,94.92757674492539,71.45112054889277,0.516555036353545,28.95705019945587,17.701439077605713
2026-05-06 06:21:30,51.498342335499295,93.59059535825192,67.57396554627648,0.27669035285622606,20.25056185728183,17.08201045958471
2026-05-06 06:22:00,44.43413075856755,85.98936267720696,71.63634751407221,0.40458912455130014,26.565520636798414,18.695262123134828
2026-05-06 06:22:30,46.87587415826379,87.60596483202848,70.35015769164018,0.25,28.1495758152281,10.9219431804107
2026-05-06 06:23:00,54.00701641539947,86.12783086505395,71.132847030573,0.25,27.58604782349231,20.760974626591803
2026-05-06 06:23:30,50.892527295713215,86.71064880903623,64.01118693525582,0.6,31.976083743393367,10.794133477193444
2026-05-06 06:24:00,46.10181663372009,92.07286191181596,72.59333506688795,0.39692755176880257,24.691262149279357,16.520090710001785
2026-05-06 06:24:30,50.9675099497069,87.03416102312023,72.8372567655786,0.4887668865344085,29.257155775973512,13.713756879493001
2026-05-06 06:25:00,56.56318800680912,93.10990396472691,74.07230191950796,0.5298945258176261,26.393909923464083,13.398314255604834
2026-05-06 06:25:30,49.500569062459256,93.35121551808328,71.67828227560041,0.5061334469868033,30.62788335382359,14.565275050093716
2026-05-06 06:26:00,44.78346501159116,90.8729268144245,67.8613747771046,0.3659978270386428,21.85902695231137,10.372158535131977
2026-05-06 06:26:30,53.15216284762526,96.18254552662194,72.56782458661966,0.42424454771960857,23.766009342164303,13.36646396275869
2026-05-06 06:27:00,52.32692726189309,96.09637910699348,69.13771713979362,0.5937033490070973,26.4326456955129,18.87657693990214
2026-05-06 06:27:30,52.61104642505933,105.6697190351457,65.79680840896233,0.5027670962880836,27.129877582928597,16.84017189923653
2026-05-06 06:28:00,44.545455759079175,96.19140551156157,67.71111808912603,0.30315823372805073,26.675178025561667,16.895707779320706
2026-05-06 06:28:30,50.931805240845925,96.13147512002215,72.3053535501949,0.5027042342998258,24.0383794893812,15.47982181887808
2026-05-06 06:29:00,52.93566417891178,105.66373865811923,69.6781671451152,0.6,25.974116229240607,17.82613055794679
2026-05-06 06:29:30,51.656145621994796,89.79267066223464,67.2279498961714,0.6,29.733324951740123,18.620762519829043
2026-05-06 06:30:00,48.88073004412135,91.53994347138025,68.63784132345707,0.6,29.605431511414068,13.810023576556741
2026-05-06 06:30:30,48.8775424260001,88.0115224577276,67.69912209156013,0.25,28.890892503402988,11.221244503790414
2026-05-06 06:31:00,49.09643723412403,85.54203146989953,70.32066942689468,0.25,27.08284389955262,16.487493324635043
2026-05-06 06:31:30,52.49651534779759,87.4154401803742,68.24614184880714,0.2714335846106407,29.856551487430618,19.898986335067075
2026-05-06 06:32:00,48.945499680591645,86.02220110139011,70.60925248687639,0.25,24.35893301971009,22.146792907604464
2026-05-06 06:32:30,43.5364991260047,88.84375078619877,65.76563557518483,0.2792969838607699,29.064269506936473,13.77970545078028
2026-05-06 06:33:00,50.23592634060357,88.62583352214514,68.94162657862698,0.3400593382596981,26.185427091967465,10.279709380518224
2026-05-06 06:33:30,47.5139090883863,92.48792625315805,72.45794205112034,0.25,25.940912946211284,14.989279499714495
2026-05-06 06:34:00,55.83515620831135,87.54520400834798,71.63317742394385,0.5420628482448431,28.151831521051985,10.84473238061928
2026-05-06 06:34:30,52.80980988159138,93.65822698187884,75.18674255392237,0.4253322738808877,29.703089198544276,16.974562526722533
2026-05-06 06:35:00,54.68987135820982,80.87984888204079,65.948544273925,0.2938133736660693,26.56388916352912,14.563372793752933
2026-05-06 06:35:30,50.59390520519038,98.22092574428211,74.56161846512508,0.26693262771909043,25.78544607181737,12.79267028148294
2026-05-06 06:36:00,53.94556041624686,88.38336105189626,73.62193419778282,0.5029665533473405,27.042783501832947,17.530718092455672
2026-05-06 06:36:30,46.51124732327525,91.5518856425938,67.02144439373855,0.5665448431413295,27.655193371978577,13.25533117198621
2026-05-06 06:37:00,45.57408898510196,87.53823144914806,65.17194291689084,0.6,23.614789783996823,17.649520552452902
2026-05-06 06:37:30,50.652680838034065,96.12750312486082,68.99688822490074,0.25,25.8082022546353,14.881577833022922
2026-05-06 06:38:00,52.65353599273098,95.39074040696016,62.53988433534689,0.25,26.309870747279334,14.140204469362649
2026-05-06 06:38:30,51.82270339314073,94.56258513972482,72.3377658207109,0.5656786662356372,27.253488778247366,18.646101245882758
2026-05-06 06:39:00,45.85466134468281,88.3061328074617,66.64148581164154,0.25,24.556875298095907,15.105249763026789
2026-05-06 06:39:30,46.356612365060116,96.5257864099463,66.64779300506018,0.6,28.80838298721635,18.083058797954507
2026-05-06 06:40:00,48.50622150665361,97.35856209142545,65.69095563347712,0.6,25.84053610031892,18.838408773854553
2026-05-06 06:40:30,50.56533852478703,94.41749089237165,75.85317670434239,0.5391168939784032,26.37134481725201,17.219551046056814
2026-05-06 06:41:00,51.3823962868424,94.03953481633884,78.62807843873775,0.35315318170572874,25.52733047863958,11.900073620993819
2026-05-06 06:41:30,51.45099406469007,82.88448750198353,67.11771422848162,0.25,28.4574000683224,16.747119115831268
2026-05-06 06:42:00,48.79382962175882,86.6325078345051,70.41177079544218,0.25,29.424668313047288,17.84158126996978
2026-05-06 06:42:30,53.49198461359492,93.41825752482363,68.17021550275348,0.6,26.84020579572361,12.677700362571713
2026-05-06 06:43:00,51.65325372680551,91.43696109053221,71.81249122449677,0.6,28.8205836607042,13.368230395550922
2026-05-06 06:43:30,53.52196059394409,85.99375520632924,64.92498416425248,0.6,21.144473658081473,9.042912755002792
2026-05-06 06:44:00,47.715716153828545,90.17330097343897,70.28234868764696,0.6,27.156133639696833,13.37434509570444
2026-05-06 06:44:30,48.434625812715716,89.08042462876044,68.47369670051324,0.43610107309844515,28.04564636726201,22.88753625566726
2026-05-06 06:45:00,50.38968603567487,97.04337550828033,69.16591003258466,0.25,31.285555422554378,16.684009447035333
2026-05-06 06:45:30,47.779219783996425,90.49104483919393,71.8642422196107,0.25,27.898759610835373,19.2465567512879
2026-05-06 06:46:00,53.062852378534565,92.27805620039739,75.51278731014008,0.25,30.67626634468692,13.513071504147602
2026-05-06 06:46:30,52.04694744973209,103.89158041791576,67.01650379548215,0.4413591576654709,28.996619770060246,19.49153090701872
2026-05-06 06:47:00,45.70430911516678,103.18141146129656,72.45116664152684,0.3915862245060826,30.620030303582737,16.595803233381226
2026-05-06 06:47:30,50.323958359246845,86.29144233242407,77.00561967686762,0.25,24.922178454672263,20.87338290615463
2026-05-06 06:48:00,51.43676871923599,97.8642602166621,74.79628417555136,0.34372220724708585,31.34094113046988,14.401108699881455
2026-05-06 06:48:30,56.48592271010205,87.03871355853542,69.52078804591075,0.25,29.388974862718136,12.591140928817289
2026-05-06 06:49:00,51.05516878276268,85.5316689170433,71.73944375398744,0.30341965265699267,26.852496036336596,15.978477541427035
2026-05-06 06:49:30,51.155641509855485,88.79296271955349,66.80947027511488,0.6,29.13934656524264,11.299489700709962
2026-05-06 06:50:00,48.290494820297276,101.88815391143162,75.28594418219113,0.3372083454229514,25.74985219936637,19.682899958334094
2026-05-06 06:50:30,55.86339555868648,92.09516770278921,70.19641179346705,0.4073516744912299,25.54637621001937,14.868868053313504
2026-05-06 06:51:00,50.32018057357539,94.12817491797695,72.3605649583329,0.3296395824703647,20.178339587571262,15.04767550859416
2026-05-06 06:51:30,50.96039856854003,78.57093766049977,71.98525966543906,0.5686669884449643,27.58994344064731,23.106730864657717
2026-05-06 06:52:00,50.64604069611419,88.96603907190251,69.82030105968155,0.25,28.692321675441978,13.554625403607306
2026-05-06 06:52:30,49.71276832405141,92.63535065011494,73.17599572194771,0.6,32.49542642213227,14.902378908177047
2026-05-06 06:53:00,50.033385541084954,95.85236616476956,69.67732686376671,0.6,33.20403264551524,16.60401732694545
2026-05-06 06:53:30,47.61720524737777,82.40469907716454,72.9499340980634,0.25,29.60740668376501,17.333682125556994
2026-05-06 06:54:00,45.20467580757266,92.82458495128391,61.77993730660015,0.6,25.92494228751656,16.390078055091283
2026-05-06 06:54:30,52.392345358999016,94.7213181159439,74.67856922764888,0.4717888907670185,30.80140291790032,13.125239142845086
2026-05-06 06:55:00,47.01325224012436,88.57729202375667,66.32300066390361,0.4808400229389786,31.19143864637253,14.920602649278148
2026-05-06 06:55:30,48.03059169626449,87.58980379908166,72.77664712814348,0.48775216293119117,25.93144072152315,14.260211906272987
2026-05-06 06:56:00,46.74295748812353,87.55227951987376,74.16056891128189,0.6,30.55663553329211,19.357408346282018
2026-05-06 06:56:30,51.35305403526376,87.7884837620896,69.43534370693423,0.3723432382795744,25.88930362224643,15.34893170161811
2026-05-06 06:57:00,50.40300374608318,85.91054342025106,62.403680861993315,0.6,27.394174026015964,8.996401545235615
2026-05-06 06:57:30,50.927224440970505,89.09278397236521,66.3609710600221,0.5631495677739506,28.53593147315855,13.514724070313585
2026-05-06 06:58:00,53.541970298138985,92.83805139829563,67.94238415674275,0.25,26.49842298090878,17.50800809914038
2026-05-06 06:58:30,50.503703637072846,90.07491625703068,69.55728876175108,0.4191018451831305,26.920435434198033,13.29476600709594
2026-05-06 06:59:00,49.94777639197078,81.41834206181058,65.45787263396599,0.41644424229283344,27.099832481216236,16.849644126167895
2026-05-06 06:59:30,51.245647675761134,98.76192966647301,70.18912182950818,0.6,30.481572029539198,14.06821662189222
2026-05-06 07:00:00,54.487281678048156,91.32437455460455,70.86496293034712,0.26620990925331367,28.493924688144332,20.334450525990817
2026-05-06 07:00:30,45.730734699276,101.36800344781123,69.86169887176513,0.41042744440183,24.97093293398853,13.010098675816227
2026-05-06 07:01:00,51.40574767058271,72.86381117908863,69.8471480203662,0.5257778513384325,26.897239528957257,15.86012175754417
2026-05-06 07:01:30,53.93940655474544,94.66872729040296,67.1945338270643,0.5323936306571566,26.765409711258044,9.824845875287934
2026-05-06 07:02:00,53.41724349888526,93.74962559620131,74.16045647142701,0.25,25.14182936770588,20.486662291567683
2026-05-06 07:02:30,50.82251308285643,93.61929387451076,67.57772659954136,0.6,27.704947729362523,12.672579522161135
2026-05-06 07:03:00,48.049144922351395,84.72208270827609,61.05119605560775,0.25,27.230887758721124,13.737813105696798
2026-05-06 07:03:30,52.235774307812626,92.58826044035494,71.38786434281083,0.4529794534625533,27.519657157504586,12.676480154225699
2026-05-06 07:04:00,46.92485142740798,97.68272830028108,73.07455419318141,0.5612791592663828,26.975767350976316,15.764234047557384
2026-05-06 07:04:30,52.71116223208019,84.80915903347373,69.57332567264916,0.6,27.152178674164002,17.4307907931763
2026-05-06 07:05:00,47.13778533274838,81.6449909276098,75.8583943733737,0.6,27.50414185775126,16.412157151585674
2026-05-06 07:05:30,47.79188431443351,87.39446794747853,68.09458384763622,0.25,31.61885552702047,14.363507245651041
2026-05-06 07:06:00,47.92272799411906,80.86623696760053,67.12069109523456,0.6,29.889155390936757,11.754252973572429
2026-05-06 07:06:30,50.037525724033884,95.1905105974263,72.1705642565411,0.5296424411155954,26.7516183399031,10.28811160163784
2026-05-06 07:07:00,51.220500596565884,81.47316368080696,71.00280056605689,0.6,28.026127841680676,15.18767281131277
2026-05-06 07:07:30,51.08350858508636,87.1582470393972,66.80256153015819,0.6,28.02467660915141,14.619119060403365
2026-05-06 07:08:00,48.13049214502388,88.64530137320703,69.10322298222842,0.4365730150276262,25.649295796221743,13.21071606889941
2026-05-06 07:08:30,54.86978020715673,95.22920375678183,69.08541359776662,0.3414810831883195,27.785757730613433,6.872624400504321
2026-05-06 07:09:00,50.3079424476323,93.38102360749434,74.29570287486463,0.6,22.021702394458558,14.516608418499708
2026-05-06 07:09:30,51.758829037819055,88.13176412374885,69.38403950354322,0.25,25.045488356311818,22.810012234756798
2026-05-06 07:10:00,50.664364707566286,90.47919816389481,72.45056320904796,0.37716108922478075,29.515185397239676,15.338603608809601
2026-05-06 07:10:30,44.52482441892799,91.38971448349913,68.75248733180533,0.5239185315566368,29.53324868821023,16.121319029821617
2026-05-06 07:11:00,45.435260547279384,94.64718661665694,70.83409947603623,0.25,29.041032665815088,15.20240658170297
2026-05-06 07:11:30,49.44990563917416,76.82270907572503,73.63058404812476,0.5059524814237939,25.705322514375972,13.999950614558887
2026-05-06 07:12:00,56.90660071606784,92.60476322737647,68.48403059945552,0.41756597328790335,26.188615946354552,17.03356571177891
2026-05-06 07:12:30,56.382238016628875,98.38573106755892,71.42243970519785,0.4729970827666626,28.41432243836126,15.183371192654786
2026-05-06 07:13:00,48.81053924624485,88.53065736257835,65.51711221424068,0.25,26.755288140990547,11.936580883280184
2026-05-06 07:13:30,53.01716669028945,94.27787748965315,72.26473889178476,0.25,23.66321431163275,17.489903430558734
2026-05-06 07:14:00,51.149021265587976,101.52847737995523,74.46394848603367,0.25,29.41853915823552,18.882133331086866
2026-05-06 07:14:30,56.53220113218125,91.34903701397765,72.02528644838145,0.4978110413540603,29.213928192542312,17.34135243040743
2026-05-06 07:15:00,46.51301578420831,95.80005898056395,66.20808753512485,0.2770753158280628,26.681177996038322,16.67072371232068
2026-05-06 07:15:30,51.27155554467737,92.79519464475695,75.88896563910792,0.444645341218073,26.087602836908896,11.72270445782545
2026-05-06 07:16:00,53.809911466884614,91.33313893383261,71.36612778961491,0.6,29.04130117017936,20.82810334284217
2026-05-06 07:16:30,50.658058239888746,88.4343035955401,73.12379092587011,0.6,27.321669141271467,11.70444999198655
2026-05-06 07:17:00,54.734296480843895,78.91096313912551,70.65905784150067,0.25,28.786839965552325,11.694254878940821
2026-05-06 07:17:30,53.30084272585968,85.3585235722872,76.92125640572496,0.25,27.31713585608316,10.229846187524032
2026-05-06 07:18:00,48.69769405283608,95.00881838297278,72.7565486980779,0.6,26.563141508600943,12.043133636349296
2026-05-06 07:18:30,52.23683169766755,98.6270222394448,65.07979710213873,0.4187530018411063,31.05198092279257,13.091175490407235
2026-05-06 07:19:00,51.99888881497458,93.49070412797502,70.27155111213607,0.5882896022972666,27.156348071706642,18.315921959313226
2026-05-06 07:19:30,50.970554840467834,84.15198690325008,63.37067354683634,0.25,26.458763455473093,14.220734007077759
2026-05-06 07:20:00,50.70288815811867,93.64240410289794,70.81970999497376,0.6,30.170389448927803,17.308155043759456
2026-05-06 07:20:30,49.48135941379488,91.22098686742551,71.3825857858681,0.6,25.827745754566912,21.327582613158164
2026-05-06 07:21:00,49.91948597669502,84.2112235870325,75.12416445265134,0.25,26.679754464128205,11.812431638386036
2026-05-06 07:21:30,49.961131641414916,97.11700279821932,69.78339144621535,0.6,29.242893316909566,15.814450241395088
2026-05-06 07:22:00,54.12506915920883,88.19883164794308,72.67999371751704,0.25,24.117048825393706,18.771791135235134
2026-05-06 07:22:30,53.4385609005918,98.53009973300254,71.14573057091842,0.5242883595219959,23.339531575744463,17.94614480034867
2026-05-06 07:23:00,50.25441637287424,102.84300076228172,64.08103950897682,0.25,27.30971525526298,13.311277883165513
2026-05-06 07:23:30,49.763715084929586,88.90487678172555,70.98498426789206,0.45223544479230054,25.147427531390317,18.21872273496103
2026-05-06 07:24:00,48.65981003890381,71.84186998287632,70.11438616284204,0.25,22.3446904043367,18.06715694313678
2026-05-06 07:24:30,48.96023916721011,100.55613113194889,69.3545611505906,0.25,31.786366052816938,16.121661421625216
2026-05-06 07:25:00,47.22606316896791,100.706003107814,72.3720755143487,0.25,25.637342711426523,15.416757109459018
2026-05-06 07:25:30,49.823483460480915,85.73512314319626,75.21846947163279,0.5022287198005418,28.897882967561234,22.69603127560186
2026-05-06 07:26:00,50.77173827588305,90.9194261186799,70.71743685656921,0.25,27.857348563710396,15.42726188094912
2026-05-06 07:26:30,51.3845159079411,80.29179322176529,70.30808077501642,0.25,27.629050615436373,15.17124526969866
2026-05-06 07:27:00,48.64036916023538,101.87287106277918,66.49418995533493,0.4561568953462402,29.284135430428506,11.213400723206323
2026-05-06 07:27:30,51.9301880703525,85.02937765760211,72.72060205144419,0.48467619016684704,28.17891273979206,15.14642468511108
2026-05-06 07:28:00,53.034441274253695,92.63792400628918,63.68184526421132,0.6,31.47747214978731,18.114084523640123
2026-05-06 07:28:30,49.46136062296524,102.70384269500317,69.52904187416152,0.2684710110746935,29.212170708015417,19.036757724151478
2026-05-06 07:29:00,47.44956293545252,92.5899288528781,66.63084906329405,0.3109498220127396,24.9363823537841,13.185211259383678
2026-05-06 07:29:30,49.516620896397775,90.92478004123062,59.71514451852451,0.25,25.9673124158703,17.96172415958513
2026-05-06 07:30:00,51.65782047585609,92.5443260816425,65.88914606298455,0.5194356292981851,23.75812528205859,13.78100452077427
2026-05-06 07:30:30,51.32310003962977,98.45641163288408,67.12794021358134,0.46118614500368665,28.213963480673044,13.054635944146606
2026-05-06 07:31:00,47.5386100332515,93.7677697905735,73.15152284352703,0.6,27.728772534620646,14.435646954650899
2026-05-06 07:31:30,49.66703341915073,80.99590962215603,69.3604877580246,0.3016025648197337,27.856140863444686,12.686499003659414
2026-05-06 07:32:00,48.23833587812678,92.11370490304986,74.29932474835434,0.6,26.321994328038326,17.4455192458823
2026-05-06 07:32:30,50.88211851883567,98.36198613377626,66.3971960278289,0.4277616021788372,26.87739920207428,15.393944537653942
2026-05-06 07:33:00,49.460035740718446,82.86221834303889,66.79605074984968,0.41858333079124055,28.22204290664667,13.516287494451348
2026-05-06 07:33:30,48.36701625965062,90.97492417228686,64.41019756334424,0.6,26.53004720072082,22.072172497037883
2026-05-06 07:34:00,48.41303759193699,98.16694092886308,66.48962090101851,0.6,23.94653601716925,16.066001579520794
2026-05-06 07:34:30,50.546533721662634,87.14297881303298,67.71778025935892,0.5160244480516455,25.236379617418834,17.445803570265124
2026-05-06 07:35:00,49.07703647930498,89.6767523455992,60.052301712684205,0.25,26.702709296579307,16.56559263169299
2026-05-06 07:35:30,53.144748286655464,85.58791515059305,70.48129830038914,0.4993746947353743,27.729422912570413,15.350342018801118
2026-05-06 07:36:00,50.25522158387315,89.19724424117005,68.82573075503787,0.25,27.372431781357157,15.194607463267408
2026-05-06 07:36:30,49.654027161150914,90.06040496696117,73.42440282775281,0.5435368463356167,28.34369372393643,18.626024274694174
2026-05-06 07:37:00,46.11380084335655,89.0189488007896,70.6828710584885,0.41055663261371905,26.484480289789403,11.490943504225822
2026-05-06 07:37:30,49.92082843966157,88.52452817239738,69.28804665285622,0.36935276710506265,28.812699142867974,19.562243916633392
2026-05-06 07:38:00,49.13947603166145,90.79930296695457,68.67417976576475,0.5425731380643768,23.66523231701066,16.859146385613744
2026-05-06 07:38:30,49.418538580001545,81.15580986142571,60.42222135833564,0.5184992652619798,27.245294902422625,16.312743140684923
2026-05-06 07:39:00,45.16768909083458,102.71469211487772,63.244973138982424,0.6,28.087571806895575,17.73619582703988
2026-05-06 07:39:30,49.94056083362545,88.08774693463374,74.50979151609052,0.6,22.36300894385382,17.854135894778604
2026-05-06 07:40:00,51.04878750112292,92.26683266085067,73.63843083551149,0.25,25.2319758286937,20.32911670570889
2026-05-06 07:40:30,50.57980743065933,91.90372414211822,70.58087785671758,0.4868803677426715,29.455206650583584,23.17740021085765
2026-05-06 07:41:00,51.55280500147279,97.97093641117438,73.14723646705815,0.5623567852858176,25.59054673267662,17.982959560653
2026-05-06 07:41:30,46.69970190092454,95.9675714097619,67.72800534312144,0.37386734093908214,28.36827178726234,18.803671322325055
2026-05-06 07:42:00,49.938125673210465,103.10608218842461,70.83434839316253,0.3045348605348576,29.056018420472572,10.643315165820777
2026-05-06 07:42:30,47.726305234282066,96.7279766059833,68.06393096989251,0.6,29.600221889665356,15.779710566566381
2026-05-06 07:43:00,54.742761389482034,95.33533098901286,68.62933864017533,0.2771366730914508,25.730876136373205,19.019291972753106
2026-05-06 07:43:30,50.801041382210805,95.43126802500213,75.69323250776667,0.6,22.068931669521774,15.082777172844136
2026-05-06 07:44:00,50.00689816187318,105.6697190351457,71.86037104549565,0.6,29.261187068145077,17.323626282822104
2026-05-06 07:44:30,46.14406451139136,92.65665540232573,69.24475996439708,0.6,25.852238996372833,13.147411550559884
2026-05-06 07:45:00,50.558125482030654,91.73122781847307,71.13557154969922,0.6,28.87373098395818,16.18107319705505
2026-05-06 07:45:30,45.57446974484628,96.2392503399765,65.68502558470212,0.6,24.201748576797687,17.15587839638809
2026-05-06 07:46:00,52.41769582025793,92.6049747377549,65.65902994071178,0.6,29.851400353379944,13.725426738500811
2026-05-06 07:46:30,51.28403942696172,85.83969962929503,68.30537882033619,0.25,30.84897772349458,13.22644741092589
2026-05-06 07:47:00,50.185368573490656,87.0979799794501,65.48937871489063,0.289349027818891,32.05982464155572,19.10459667144201
2026-05-06 07:47:30,47.771625721983696,92.73533527794726,68.42339697058115,0.5014924518060653,25.008266736669672,20.110666680172912
2026-05-06 07:48:00,51.89888977757387,94.28185523460107,74.63740414993269,0.25,33.20403264551524,14.203692579731323
2026-05-06 07:48:30,52.296506093150626,86.34255994745489,71.69111706645275,0.5950344206238393,27.034000560840443,14.615696149325723
2026-05-06 07:49:00,48.163449234894806,88.20808364175872,63.41437614165548,0.6,29.230065498306935,16.55127495852005
2026-05-06 07:49:30,52.925863308604775,84.4618982691317,71.46275860387246,0.6,32.48447176387833,13.657352498947796
2026-05-06 07:50:00,51.59485593194947,82.9760278055491,68.85891186754601,0.5690985314537811,26.981401554301634,15.512851746971133
2026-05-06 07:50:30,48.045154892535415,90.48583615431119,72.40927422521239,0.5914602915429719,29.275410972813923,13.901460499194767
2026-05-06 07:51:00,51.276252330861325,92.73097677403757,69.04808907188765,0.44961790142424657,29.879580047423097,15.249045810062585
2026-05-06 07:51:30,47.99504545370187,97.81706866682791,74.02090029350666,0.5903110448271295,23.99854051061405,21.15100315518525
2026-05-06 07:52:00,51.173760705598845,97.86111921008325,77.2029482652851,0.25,26.497334481813997,18.551463773101844
2026-05-06 07:52:30,48.17285539037285,95.64684588713767,68.04109690376687,0.5611110496127019,29.65116859174968,12.65750281300228
2026-05-06 07:53:00,53.43494946704876,91.71462973518514,64.72208538745129,0.48465662046079144,26.267478456986794,11.925523498349285
2026-05-06 07:53:30,55.555904785057585,101.70195079276972,70.59499999398182,0.6,29.613383392713096,13.898458943277413
2026-05-06 07:54:00,54.924700844876895,91.3477556046999,69.98297451463944,0.6,29.74636592237745,17.121291081995395
2026-05-06 07:54:30,49.34547442683113,94.1805053322931,69.25031630086663,0.3460788167252304,25.48538137979854,15.928436103225186
2026-05-06 07:55:00,51.19871502184554,89.13756758852794,69.78844324334119,0.49908891364555813,27.112649868298735,18.808888208914677
2026-05-06 07:55:30,53.23268734234825,96.09719365836202,66.453715380933,0.6,22.186906191718368,19.344595476528696
2026-05-06 07:56:00,54.166049735631155,92.25835781885266,71.22854188804024,0.3843260133888067,30.053071076994243,16.204827539335025
2026-05-06 07:56:30,47.1223280731493,82.07544035933728,70.06029573763959,0.25,25.841830937732382,19.184575845562307
2026-05-06 07:57:00,44.086144005805224,88.34460989074032,63.577879454201096,0.25,28.81011429439325,17.530355772432877
2026-05-06 07:57:30,49.52567679616722,86.3351731716988,73.96708180336826,0.38283554518059126,27.753475338156967,23.17740021085765
2026-05-06 07:58:00,52.5062101459262,100.07384211613257,69.66777327122563,0.5493645900217594,30.092606878785634,13.519418094479713
2026-05-06 07:58:30,51.1534101756016,95.5390647948443,70.9520194993169,0.25,28.823646841072183,20.635082847526075
2026-05-06 07:59:00,50.77496533476568,97.35116813623858,72.7985423011642,0.3926071976932136,27.43254022847845,16.144021213445967
2026-05-06 07:59:30,49.33647519506684,78.75483639980888,71.88914412293005,0.3818488507615997,30.55373202878871,14.424812617501953
2026-05-06 08:00:00,50.1252739743189,94.04184837304766,69.37684157303701,0.6,29.713786697896754,16.073192249709805
2026-05-06 08:00:30,50.54983432689739,90.4931585265374,76.30066654157646,0.25,29.024264250176092,18.80755083815412
2026-05-06 08:01:00,49.06140631282247,94.2914743658779,69.1604934571121,0.5968105314485119,28.430287309336652,18.640650003495324
2026-05-06 08:01:30,48.12712605759525,96.39364735033449,71.5321845971303,0.4294547474417238,33.073839862007475,17.794373375195388
2026-05-06 08:02:00,48.46887573306102,84.49016729984808,69.64644553455115,0.25,24.477047581251835,13.777784776736313
2026-05-06 08:02:30,51.94446618806543,85.78253861999711,68.89847372495164,0.2644273015415689,27.84651768748525,20.306393148659094
2026-05-06 08:03:00,51.6092982842895,95.11914529076469,69.04028175104295,0.4937442940096505,23.206230901272466,18.626903487615692
2026-05-06 08:03:30,51.898534808063054,93.52333486437001,71.04389077505978,0.6,26.00047193198271,18.784403341262998
2026-05-06 08:04:00,46.96904412220934,84.83165380651351,66.49852463950691,0.25,28.2922570815133,13.631333482324237
2026-05-06 08:04:30,56.17265817516015,95.39131196936107,72.89200199972016,0.55361942631727,26.291216542958903,14.500779042908876
2026-05-06 08:05:00,52.3792521502934,94.24980465092816,69.99506158117129,0.6,27.798753187251016,18.95735400272255
2026-05-06 08:05:30,47.935620908278025,94.95927988109936,74.0415962073664,0.25,29.235700864600034,22.54094160888412
2026-05-06 08:06:00,46.894481994143455,88.80075090570503,64.18005031233989,0.25,25.059592031752285,15.616652938671221
2026-05-06 08:06:30,44.513795631545456,99.19248440196358,68.29138437089993,0.25,26.51421123337222,13.616830756670959
2026-05-06 08:07:00,48.781783514989705,90.0731153641998,70.95120240220803,0.6,26.434311179913195,14.998571397282753
2026-05-06 08:07:30,43.90518065181351,102.95834870580364,72.3079345371761,0.6,28.126420783847475,12.875206359037637
2026-05-06 08:08:00,44.66993284462842,96.16070830004955,70.40254467386286,0.5332026574699722,21.065638951379313,17.406364604137316
2026-05-06 08:08:30,49.05816575421469,92.13011746366176,71.59334174294514,0.6,23.801514492952673,13.438328103521604
2026-05-06 08:09:00,47.20317915437389,98.29609634419053,73.2934688871062,0.4913862504183651,23.85518573430647,22.085418727207948
2026-05-06 08:09:30,49.8491411807973,93.28912215537093,70.37183023123616,0.45382080108125133,26.025878949939404,14.501685343907774
2026-05-06 08:10:00,51.22023404147456,93.34283378425147,70.88205269187988,0.5701840382819372,29.359132839377413,20.305770805015513
2026-05-06 08:10:30,53.761688412043235,92.94545921141228,66.8560224538882,0.25,27.439946292708797,18.21036541015031
2026-05-06 08:11:00,46.8979303560527,89.35359894088639,72.48720505019185,0.4159350235003076,28.500771983490957,22.783687817533206
2026-05-06 08:11:30,46.52355436616719,93.83886650552284,74.56297525268397,0.6,31.8733914098303,10.419629957815882
2026-05-06 08:12:00,50.98833874619128,89.3141612500873,69.04109866819654,0.6,25.2874198423727,14.871792384477445
2026-05-06 08:12:30,52.497610174222125,101.45664902491525,76.35092864951646,0.25,23.92530477895302,20.35118814936985
2026-05-06 08:13:00,46.87585348026784,82.76224704561751,73.7975302644505,0.25,24.605633354675863,13.680240317055484
2026-05-06 08:13:30,56.38673672454981,96.29173452253646,67.48817609915098,0.45361764190009835,25.213161443821715,13.734605939006844
2026-05-06 08:14:00,48.89801595153733,103.62981143254936,69.24084632082653,0.5796396147970518,23.56997239556235,14.998581768632288
2026-05-06 08:14:30,49.00566491126298,88.88767433649828,71.59532785259152,0.30207946689792947,27.42418059104387,14.332563709191962
2026-05-06 08:15:00,42.35745301674507,92.93298030916726,65.10910045069282,0.6,24.422893602305617,15.985064795834493
2026-05-06 08:15:30,50.752393115381665,87.1180234843786,66.53491576518384,0.33600451996761965,29.209740457070577,12.908509977938381
2026-05-06 08:16:00,50.18350895660912,80.47621015754156,74.01064014410808,0.6,22.55141463434712,6.362304541346932
2026-05-06 08:16:30,51.55565151013466,92.06196792146015,74.24682586526774,0.6,29.5436794835872,16.587809146473038
2026-05-06 08:17:00,50.08007736436789,104.44574077498874,68.21665954316505,0.6,30.238305786600584,14.44534786845213
2026-05-06 08:17:30,48.62222033914151,88.89541724387348,75.28040995772531,0.6,28.89048446811673,14.125526230442517
2026-05-06 08:18:00,43.849390435001936,105.6697190351457,68.26282624097259,0.25,24.627984100912787,11.282872090824714
2026-05-06 08:18:30,54.26049917765945,83.35423204583384,77.35784683259615,0.41353339014961565,26.976216695134433,17.554608087069592
2026-05-06 08:19:00,53.66960500223271,89.82620613190328,70.12091136644044,0.25,24.85310134958745,16.36667262350731
2026-05-06 08:19:30,51.61014109674171,97.42793905620505,64.0091437226531,0.295107436176515,28.09082617947048,19.89858961023857
2026-05-06 08:20:00,47.201426697485594,91.7460423427458,69.81289125032698,0.6,27.14042142634599,13.228647722512537
2026-05-06 08:20:30,49.25634258676271,91.42509334497278,70.01060648617178,0.4343404470788202,29.809167169013357,16.421706488998407
2026-05-06 08:21:00,50.15464835538275,92.36031128424027,69.36474390828837,0.39518875259329683,27.92008361593877,19.628006631192843
2026-05-06 08:21:30,50.5435563626299,99.26463915842358,77.95140843079474,0.42600279218845255,27.643024900356995,16.425161099259228
2026-05-06 08:22:00,56.40570954766788,91.0293730768552,72.76540436997304,0.41760740886682846,30.725170954785696,13.91220499736376
2026-05-06 08:22:30,51.23178221157399,82.51108892492778,72.8933030461462,0.4498305754572245,28.57884180818849,19.902867107542658
2026-05-06 08:23:00,48.40124686664379,88.66805124575077,73.5882898950023,0.4348945688176219,29.284446908561044,12.634412126764458
2026-05-06 08:23:30,49.82189484527116,89.35664933668997,70.28681728689472,0.41464150563934654,26.989238739068668,17.234726618800853
2026-05-06 08:24:00,51.8899434285128,88.19677269253724,75.1447591154355,0.5451581163434309,33.20403264551524,18.326205632994785
2026-05-06 08:24:30,52.8599759946411,95.56279609891382,71.6623108590106,0.36580453111446215,30.80555886764831,21.356458662893374
2026-05-06 08:25:00,49.646467896504674,89.97896034087829,68.84729352788528,0.6,28.248165472712355,15.021645254146467
2026-05-06 08:25:30,53.6510761135117,83.63842098777604,66.1159285802064,0.25,27.57454072443313,15.403242475797976
2026-05-06 08:26:00,48.65469963708875,99.37402210561098,74.46000713402663,0.25,23.551154650127426,14.925300724157896
2026-05-06 08:26:30,50.98575029499978,90.04174287661941,64.36654596079907,0.25,23.702818680915158,8.680888092280274
2026-05-06 08:27:00,48.51318476354338,93.48469512630147,67.90565659877106,0.25,26.734010747874045,14.77237029600284
2026-05-06 08:27:30,53.53044307817132,105.1040483824987,71.77985673858785,0.5008267990374828,27.660585898660127,16.9128258656608
2026-05-06 08:28:00,50.45957105805774,96.108811995733,68.06296396752964,0.6,25.036411158509754,14.867977662814257
2026-05-06 08:28:30,48.24649526789399,96.87533800795578,73.36142699184859,0.35425561283605744,31.49133380202175,16.67979979077338
2026-05-06 08:29:00,50.99973858137902,102.30541675288757,70.24767278692993,0.25,26.52127412112446,21.413869813766276
2026-05-06 08:29:30,53.81895583642891,99.95976619335192,71.93256747388223,0.4787443472228084,28.5635887823695,18.287288585677477
2026-05-06 08:30:00,47.2825212445933,87.76510376974818,77.63367999735254,0.5858030016282293,22.315778015180555,11.251336855054827
2026-05-06 08:30:30,46.853345190288714,85.36605793346114,69.52555611624024,0.44494012823478957,28.14028248034509,13.095408260253132
2026-05-06 08:31:00,51.21659339940073,95.84740479300473,66.94933995547969,0.27773476972878586,22.839904706236013,17.384162657942447
2026-05-06 08:31:30,48.660996639923226,92.508076578169,70.718201478062,0.25,30.490684169616635,19.809426821565136
2026-05-06 08:32:00,48.9575028202921,89.2739892684176,71.22579787230535,0.6,27.458316364281075,16.214048852366453
2026-05-06 08:32:30,49.82858348554748,85.66566971518625,68.84210411466363,0.25,24.88545114343191,16.28564734796461
2026-05-06 08:33:00,48.64855148159704,92.23620176228783,70.25141685979666,0.5008653962812789,27.49191474637455,14.875123347469446
2026-05-06 08:33:30,48.42623707281845,90.66596645152642,65.56448000016101,0.29970921562342834,27.063986688215525,13.734504121394716
2026-05-06 08:34:00,48.79704480180021,79.01597822563491,64.70791967424938,0.25,24.38613328625477,12.24526159638385
2026-05-06 08:34:30,48.33726091794186,92.76299147720856,65.98992821507967,0.25,29.576324642920508,18.124650390378847
2026-05-06 08:35:00,49.234967751909984,96.9443631295742,69.81814523819965,0.2727550086564942,30.54010039304712,14.547821964231318
2026-05-06 08:35:30,51.32214514126059,94.75986457806889,74.80759920602596,0.6,29.08317955011411,12.850123578716484
2026-05-06 08:36:00,51.924097632614014,86.1445302147081,67.20688673436572,0.5845182203984935,23.056072236296774,17.376677663069337
2026-05-06 08:36:30,53.23465026040561,99.42759156024894,67.45236813095619,0.6,30.215523255277617,17.16481143886883
2026-05-06 08:37:00,52.643665685386814,93.1229023063004,68.98481306370513,0.6,30.81940100576108,15.117284798922066
2026-05-06 08:37:30,47.73473306636629,99.00937250493195,68.7605526337052,0.6,28.140883462204354,16.310103173851516
2026-05-06 08:38:00,47.311160458651834,84.88071545517376,66.51968785697561,0.5076832543677694,29.91998498954562,13.601515835945401
2026-05-06 08:38:30,50.161914821961666,100.70263217387134,71.1225225808702,0.25,33.20403264551524,15.699783542667461
2026-05-06 08:39:00,53.41276125498159,104.686202693852,71.33894999071539,0.4321378795292194,30.366327980279536,16.210694829363696
2026-05-06 08:39:30,48.36577186699131,94.86947623705288,74.08231208927133,0.6,28.57423996159835,18.106569187434918
2026-05-06 08:40:00,49.816001566904184,89.51864804324056,72.32016383421225,0.25,25.512323720737722,16.773644395257488
2026-05-06 08:40:30,49.890969379874164,91.08008454697024,70.12860454311665,0.5495580523199646,26.05303434484486,18.845844769407854
2026-05-06 08:41:00,50.33282784976781,91.50847173620062,68.48929185582443,0.6,29.934540491993125,11.306104246468736
2026-05-06 08:41:30,51.18505339669529,89.05467955637893,72.22154317928711,0.25,27.99913752004591,16.311233049436137
2026-05-06 08:42:00,48.23617445440281,95.87610439070737,69.98301851954507,0.6,27.173326941987334,16.38780670411277
2026-05-06 08:42:30,48.37242823392836,95.99176635501878,70.94625897158627,0.2887294886252798,24.71015837343749,15.255675112371872
2026-05-06 08:43:00,49.5513608275715,86.83877865197258,64.69408066293943,0.25,29.924068312031718,20.367371480721296
2026-05-06 08:43:30,46.48517520897491,93.46408371066902,68.20790910498444,0.25,27.68867640375626,16.054361944880867
2026-05-06 08:44:00,50.73710417011339,92.56201436105854,73.66861039139955,0.25,28.39422504716229,18.966794725139174
2026-05-06 08:44:30,50.657144547738014,91.83751484090114,76.7541708410106,0.5509594229098209,30.05038962781622,12.640109473787742
2026-05-06 08:45:00,53.09958748246693,95.92827029426108,70.56359930154512,0.569765746806361,25.651930480830952,17.58897016573757
2026-05-06 08:45:30,50.78450327437651,90.64976436893583,66.27953497050706,0.48535797562359734,24.84234525891252,14.624050786558975
2026-05-06 08:46:00,49.51209476322204,86.69244415018623,67.66704765010478,0.25,23.97422936483914,20.97567478359656
2026-05-06 08:46:30,49.30955228083972,97.05193487916283,60.919543314039785,0.3438622923335673,30.135344095164257,12.012340755966223
2026-05-06 08:47:00,49.762001239315616,92.41036815630935,68.04632116208624,0.25,29.541115496720458,11.981831424983984
2026-05-06 08:47:30,47.91135116390722,87.06647602034064,72.52057241085217,0.25,23.485218264256282,14.727655615964512
2026-05-06 08:48:00,46.69630696314117,83.37828039506277,73.33825954124019,0.5564560715741987,30.946352447312183,13.397864246597493
2026-05-06 08:48:30,46.88300589478784,91.7410033849483,78.62807843873775,0.3292312166860028,29.25052854377014,18.345086458201198
2026-05-06 08:49:00,48.85025691751681,89.67243314410184,66.21252755752077,0.6,29.412571066324624,16.364959472893933
2026-05-06 08:49:30,47.895691851848326,90.18792316859192,68.48771333500261,0.6,28.371603732469687,16.151283555535276
2026-05-06 08:50:00,51.95884531523472,94.5171212413625,69.26153928430124,0.5536392170303451,23.604450322026352,13.14193513499944
2026-05-06 08:50:30,50.30862298913451,100.18270160337953,69.10422689418748,0.36235451561182974,29.80562622482114,16.069706052329437
2026-05-06 08:51:00,50.28712570260882,92.87506452066326,69.34412998824506,0.4974241294981889,26.36077304759132,17.763808510074966
2026-05-06 08:51:30,42.37715193222254,93.80945796243992,68.69599355216717,0.2797442843602099,26.552202502482206,16.95200649908365
2026-05-06 08:52:00,51.28876518051965,94.1716334661248,66.56085178800488,0.5754523079385557,28.427290492668227,12.19480238980568
2026-05-06 08:52:30,51.938905344202894,98.59179756562457,68.56697449055785,0.6,32.65758533106516,13.85149309678211
2026-05-06 08:53:00,49.53577442261179,81.2551741191442,69.98385694983013,0.6,28.549612742511435,15.286627994572246
2026-05-06 08:53:30,52.6803893139553,88.95393368354058,64.03209137994102,0.3751043835072398,26.592451141450784,9.7371011202899
2026-05-06 08:54:00,50.769969351415284,86.45087476520504,69.40419864657464,0.25,31.657763140165475,13.72552002994379
2026-05-06 08:54:30,52.28568532340969,86.2801918354544,69.96665557864758,0.25,23.3580685355261,17.500451114021594
2026-05-06 08:55:00,47.600920034356484,99.3600557055867,72.4882544480327,0.25,33.20403264551524,12.55139174175155
2026-05-06 08:55:30,52.6753065350925,88.22141451936416,75.9128021225387,0.3946224413785857,24.569767318433428,20.620533688674726
2026-05-06 08:56:00,47.661140099486296,103.43469693605887,70.16319496374268,0.590204661945761,28.046806164335887,13.839065237320108
2026-05-06 08:56:30,49.572692937503284,89.22830229250854,73.81023348244236,0.3664362819076475,27.293876013875266,12.101791490866633
2026-05-06 08:57:00,45.94683119056142,85.91893391680655,72.93970863039223,0.25,24.072844632101223,11.063524430029066
2026-05-06 08:57:30,47.25894818588065,91.88003451360983,68.88651337902138,0.25,28.199524180308348,18.55554349891322
2026-05-06 08:58:00,50.15814170179677,95.94117619992896,70.06139986876023,0.39652895583111897,26.48698757857783,15.864360799595053
2026-05-06 08:58:30,47.60659113666375,86.8799248832252,70.78653126092368,0.6,26.709502942157595,14.074837772874636
2026-05-06 08:59:00,51.62282332970362,95.18412036326178,64.32258952824589,0.2503136060994089,28.624564789566467,9.897988159000217
2026-05-06 08:59:30,49.24284444429208,80.5509052003888,68.4580082601327,0.3128336655945246,25.492229376495825,18.96892344668238
2026-05-06 09:00:00,55.17989300515641,86.99286546914557,66.2379875687029,0.6,25.65760365761998,17.29713280380657
2026-05-06 09:00:30,45.362957492296246,88.30857292976107,63.59887637441906,0.25,26.996105960473717,20.652847074022823
2026-05-06 09:01:00,44.33965978898445,85.48952722317729,74.43908772968777,0.49694838923742596,21.459159367339442,16.466647588704294
2026-05-06 09:01:30,48.816807371192695,96.61590140576111,64.62982502200083,0.6,24.863181685509822,16.669876794975266
2026-05-06 09:02:00,52.83126711127842,91.55030168182269,71.01661306498261,0.25,32.456714786001314,11.87241648785322
2026-05-06 09:02:30,46.003082792007525,90.56537822944802,70.28448416844982,0.524005877431508,25.179050526572095,19.29808846415449
2026-05-06 09:03:00,47.08902404113633,90.62756422628874,73.38644806151002,0.492823464070738,26.464989333009107,12.960662178029366
2026-05-06 09:03:30,53.336524181198165,89.69377039081613,71.0124096701231,0.27045329987359057,29.528001233944153,15.100280326285555
2026-05-06 09:04:00,52.32008323375851,86.0866299631414,67.776031917076,0.5774097168329517,25.613063449045615,23.17740021085765
2026-05-06 09:04:30,52.612629892888044,91.10417453475482,77.63917893103238,0.3175930649818725,30.697112566285757,18.219233288691086
2026-05-06 09:05:00,48.456767038524546,98.19543981724927,78.26732731182688,0.2505438212647419,31.331259113969157,14.674646324638783
2026-05-06 09:05:30,47.98733780327761,97.38338150582989,75.17373798333014,0.25,26.15422044045359,9.777074081772906
2026-05-06 09:06:00,47.2864258040733,97.8326853982175,67.97691311005816,0.25,31.08640589934549,15.067298112960803
2026-05-06 09:06:30,53.222735534845505,89.86537276083304,62.49719734688389,0.5413858682328628,27.93808997134198,15.299933340977868
2026-05-06 09:07:00,48.011529887673476,94.5047234246567,63.17927408524835,0.6,28.40658172590131,18.458116231380544
2026-05-06 09:07:30,50.90594729002109,86.57624712007635,70.66129260433655,0.34019029727879296,31.144961263503358,17.187164269652406
2026-05-06 09:08:00,44.804181774632426,99.86721730610098,64.81728070360414,0.33023275898361654,26.094176470782873,15.161891012859067
2026-05-06 09:08:30,51.01025490692354,91.84406535825916,74.31401735822999,0.6,28.321511771186834,15.700214462228823
2026-05-06 09:09:00,52.30609717117608,87.18769935088258,75.11161702591305,0.5955569912011938,27.347444749038324,15.341586833468778
2026-05-06 09:09:30,54.69740656843215,91.18208055657874,71.5123681796839,0.25,25.179076205457864,17.395092916953885
2026-05-06 09:10:00,49.65571885346804,83.29988571024565,70.49327840949258,0.25,26.977280407476815,18.705174555258022
2026-05-06 09:10:30,53.80620253075669,96.53690827582273,74.87301730299306,0.25,24.765910419166296,18.985953529353313
2026-05-06 09:11:00,53.85909744090526,93.1046256950606,68.48827872304298,0.2689853936870933,26.747452691080998,13.517549770932805
2026-05-06 09:11:30,44.679680781371054,101.36502819034379,66.43926817265147,0.25,28.19178670751276,15.857979459445527
2026-05-06 09:12:00,49.39231266975435,85.00829088280187,68.50144142036501,0.25,21.606626669085607,11.23941607661877
2026-05-06 09:12:30,47.18223822709663,86.2328980778997,73.97412147979347,0.6,23.915317300239444,13.85440322863258
2026-05-06 09:13:00,50.76554442010487,91.65365167641976,65.07385114379377,0.25,29.974646901095532,15.418887362101524
2026-05-06 09:13:30,48.79824307725608,89.6410685294725,66.06490873677701,0.25,30.650768583338447,13.309515776200335
2026-05-06 09:14:00,50.53570259995727,92.42948066468256,70.69183873869142,0.27043101518346346,24.29648070526264,10.46703270675389
2026-05-06 09:14:30,52.28570275338644,84.63282608980137,74.37832497216138,0.4054646378315732,25.546153436952352,14.120311578907286
2026-05-06 09:15:00,51.28207225948609,85.08030138209202,67.25929274131182,0.3825052334725175,32.825516942699316,15.814745796716489
2026-05-06 09:15:30,47.68890345432807,93.27890761416003,57.393922690081695,0.48357822724550825,29.269902492573937,14.787810491573973
2026-05-06 09:16:00,51.81649008083484,88.46837823192274,70.0310503328524,0.25,26.353900949085617,10.235141412589329
2026-05-06 09:16:30,44.86533526523018,100.0449087431526,72.38216051636819,0.436736892264611,27.423826754567134,14.093252290958862
2026-05-06 09:17:00,46.00632056879819,88.87070706542032,74.7711734739331,0.6,23.88530841319274,15.618986676775616
2026-05-06 09:17:30,50.05951080179949,97.31743589996938,65.63097008774555,0.25,25.411498064300392,15.614813523624052
2026-05-06 09:18:00,49.16488027191227,87.02688406534197,63.46034062434138,0.25,27.509557250187196,16.698610804221598
2026-05-06 09:18:30,45.617789207609285,91.78317961847144,64.2697679249569,0.30943766801816425,25.687838285079362,16.913775688892212
2026-05-06 09:19:00,51.01361451226247,93.13401664730033,72.8966132592773,0.6,31.840764160200795,22.545152913327467
2026-05-06 09:19:30,50.84055821660305,100.31906237403673,65.21037974350378,0.6,31.18280741078474,16.387815428817966
2026-05-06 09:20:00,55.49381399262171,96.31997287538674,62.4723861032288,0.25,29.228098077681274,14.139313547478425
2026-05-06 09:20:30,52.07270705527956,95.76121848492409,68.86956401650089,0.3892647878970642,29.699461911656332,15.56862799972719
2026-05-06 09:21:00,51.51231803794603,93.055570758278,74.08687335501158,0.6,28.072114679118933,19.245390848823387
2026-05-06 09:21:30,47.88247371857018,86.33171806395603,74.61034397212427,0.3873867683238239,33.15768516242992,13.199650217281874
2026-05-06 09:22:00,56.90660071606784,81.96793694498317,67.79982860940444,0.25,26.099943925936653,15.00287164132279
2026-05-06 09:22:30,49.28685392761797,93.27548510728693,77.30097134687385,0.25,24.549775850157435,15.526952463684085
2026-05-06 09:23:00,53.08968270976738,88.9389693179441,76.57016240693063,0.25,29.635424113846973,14.415079553465374
2026-05-06 09:23:30,56.00744743105416,91.56118865659998,71.91202587643141,0.42049742045302624,31.43116920712607,14.232974905116592
2026-05-06 09:24:00,51.55729988097886,91.59939688792481,70.61645232277725,0.25,29.201627490545985,16.87346360522012
2026-05-06 09:24:30,48.93280435404339,89.28697580479488,73.54866046022279,0.6,26.721456526739825,12.589383817250255
2026-05-06 09:25:00,46.78128117806318,95.0034780307805,72.9663393297529,0.5117560278024613,27.497501998692034,17.651497258590723
2026-05-06 09:25:30,49.169812902369095,92.78905579668954,68.05104172560308,0.5623918655510938,24.86103169057008,16.8763975427885
2026-05-06 09:26:00,51.943108041860924,90.77050374477962,66.43208264625687,0.37688792876654864,31.63658565712901,14.783081747580406
2026-05-06 09:26:30,54.930176112716445,94.47029526661841,72.35485896006841,0.40166142310051545,25.824185785329153,19.774229933270792
2026-05-06 09:27:00,50.988996277261755,84.39105346784467,72.8487303093632,0.5789977029796766,29.450690590257352,16.33848410002085
2026-05-06 09:27:30,48.441943921801936,96.2691170294496,65.01343530067264,0.3333886232644146,28.31918058870126,16.84532606943465
2026-05-06 09:28:00,51.71654717990931,97.3482804629103,76.18063304812881,0.25,25.931363398229987,8.61673213970803
2026-05-06 09:28:30,51.803222643239884,97.57629503121171,63.076887400646484,0.6,23.289813174140065,11.489951537476928
2026-05-06 09:29:00,52.60087879897869,105.6697190351457,69.54524225843875,0.5282766865487867,26.632939906788803,15.275012340400442
2026-05-06 09:29:30,53.606858445371245,93.48085380405321,71.51383094334898,0.25,25.828196291390526,23.17740021085765
2026-05-06 09:30:00,46.961227604608275,84.35782730564854,71.21999007350556,0.5240619595805942,29.411113350684907,14.435969383956117
2026-05-06 09:30:30,54.658869338675544,86.16602940677372,71.74659500744534,0.3227758991257166,28.455583757147085,15.493199066338407
2026-05-06 09:31:00,52.4499458013617,81.4683138766042,69.26472213600739,0.43015783976775,25.23150701120606,12.39028769261854
2026-05-06 09:31:30,49.044032701581564,93.28775587632718,73.3603366192882,0.25,27.628961328918304,11.504723058279891
2026-05-06 09:32:00,51.133865108301805,93.05436354149427,65.64065658242075,0.4404073397697656,27.513816781231082,13.544710090850833
2026-05-06 09:32:30,50.241762385726766,92.18322891926951,76.21044010850599,0.528060936802782,27.44114432467209,15.384494125426226
2026-05-06 09:33:00,51.76762744704794,94.13500006515403,67.84820124987951,0.6,26.263144684701082,13.134410345146463
2026-05-06 09:33:30,52.16530684041993,85.09985135607802,68.67626577212468,0.25,27.012843758697326,17.362813102730616
2026-05-06 09:34:00,51.321395948569666,93.9088328951134,66.53719399958615,0.25,28.789819388236406,21.049335176089727
2026-05-06 09:34:30,51.629832430666355,83.008471129697,73.35669913262126,0.25,30.496833161754623,19.914642300958587
2026-05-06 09:35:00,48.566356625090066,93.85512128669066,74.33771533503247,0.5446571838819311,29.453271959639878,16.197908841237563
2026-05-06 09:35:30,55.978934157536756,86.26900631328996,73.51530149410074,0.6,25.935464221240426,13.250243615161644
2026-05-06 09:36:00,50.230266972177816,95.39905556344947,72.082772892708,0.30590887185423693,28.87690826709885,17.565725336327873
2026-05-06 09:36:30,49.92676115367437,92.09679644346572,62.472252750897916,0.6,27.5546096261828,17.40022541459001
2026-05-06 09:37:00,51.14109657881274,93.34707836929513,70.37792900250356,0.25,29.11924103500786,15.34546228239783
2026-05-06 09:37:30,55.483890236139516,96.17227686642237,75.50949381651158,0.6,29.044291087750647,7.854858786880391
2026-05-06 09:38:00,45.92112995621117,98.02403093826956,67.1251245268124,0.6,28.710185047273338,17.709424302783983
2026-05-06 09:38:30,48.703547480882996,88.04935910649775,67.09221867810946,0.25,22.29701339522346,17.027014003120225
2026-05-06 09:39:00,52.76687982235656,77.62477862532106,74.14257069684098,0.25,23.831821506215633,10.291814294835676
2026-05-06 09:39:30,53.27158930526148,90.55753076482267,70.98930246524054,0.25,25.13602279805609,14.153665978689645
2026-05-06 09:40:00,51.343528270560114,104.30087331069626,70.37861853959723,0.25,24.44910826518288,18.9641146079322
2026-05-06 09:40:30,52.52255801173525,87.57253412826601,66.32270155668166,0.6,22.936744118915637,15.610900456749286
2026-05-06 09:41:00,49.921867846657165,89.6805921983881,68.30267161419735,0.5153077482250492,27.409776465308376,11.452604641648973
2026-05-06 09:41:30,50.571593841015556,82.31402441384829,68.64375766736515,0.25,30.265414117769094,17.448317367225602
2026-05-06 09:42:00,49.76150778392658,94.99550072839469,72.83703260362056,0.3018783311400208,26.929919820514463,16.25050479460735
2026-05-06 09:42:30,50.25245673362803,92.05413068108457,71.01128995996896,0.6,28.84925355456107,15.16727455625875
2026-05-06 09:43:00,48.745452330825465,100.30693526926518,64.44948937909811,0.3459634767292838,31.296721472908054,18.358614776921755
2026-05-06 09:43:30,51.97036613025076,90.05913488714693,72.06900381449212,0.3299199399504824,26.209826917914526,11.38799052000288
2026-05-06 09:44:00,46.86268818818874,92.23810419766035,67.73091194674574,0.6,25.797035441999245,16.849826206920927
2026-05-06 09:44:30,48.157433603081294,85.13819047944749,65.35962345844807,0.5085416925813596,31.532966814205853,16.3671180139266
2026-05-06 09:45:00,46.83186945606072,92.98095265526594,72.3128966493498,0.6,28.502390364141792,12.444465595877109
2026-05-06 09:45:30,49.24233361084171,99.74776869710392,63.87790997694754,0.2609939011806064,30.25849902860327,15.059882952876546
2026-05-06 09:46:00,49.53838077349643,91.01918626976723,68.74946711427324,0.35076021138558444,26.46535332709887,16.988139571902206
2026-05-06 09:46:30,53.082026083090334,89.9725735536797,66.72853665700568,0.5176627180222347,24.631749167963,23.17740021085765
2026-05-06 09:47:00,56.90660071606784,91.28097525580269,66.52782256476887,0.4233433104886929,33.20403264551524,21.654359516464545
2026-05-06 09:47:30,52.16846403659872,90.30067232523514,71.27059323395244,0.25,26.288780019123152,20.725134181235735
2026-05-06 09:48:00,46.52491462436417,88.38309451001949,69.22702131040981,0.44838138930907145,28.765713653925676,14.768709075928147
2026-05-06 09:48:30,42.79170742396089,87.6606703342518,75.48584339880377,0.6,26.505139691708845,19.926988049014717
2026-05-06 09:49:00,50.000716808810864,92.29603022621042,74.30668366485311,0.6,24.218589982268877,16.594803199556853
2026-05-06 09:49:30,48.646255079460964,100.54191287082773,65.7234902387341,0.6,26.207791073056868,21.540366970812368
2026-05-06 09:50:00,50.90279793088938,85.58648675622484,68.70528094678701,0.502845953166992,28.45127479978757,9.949901569835832
2026-05-06 09:50:30,50.11323372398043,92.94802808283953,74.57527031154662,0.32916014739486127,25.851940334977744,19.26470429185878
2026-05-06 09:51:00,52.64407079454247,95.09350145324655,77.59169119574622,0.42160449055977844,28.784124854993166,8.283686806965843
2026-05-06 09:51:30,50.54691845868168,79.80986829638755,62.73442942745224,0.25,27.71835384094092,16.23855862418388
2026-05-06 09:52:00,49.18865146902864,93.62927055902104,72.85689395255419,0.6,26.058914070344983,14.073264567114682
2026-05-06 09:52:30,52.39247054315137,95.32887042075471,77.1551732069867,0.3276098877562365,28.47499892240377,11.17562885637556
2026-05-06 09:53:00,55.635949874370226,90.68630440280577,71.10392703243629,0.6,28.538443674480398,15.014502859785038
2026-05-06 09:53:30,47.89926580722343,88.2285650011705,75.6494846180875,0.2947898874055427,29.45870137947376,12.563536608047375
2026-05-06 09:54:00,56.07713561998114,92.63920044345976,67.4079057316534,0.4515927265110645,27.21184166410083,17.76732152857701
2026-05-06 09:54:30,48.19856180144585,88.52819889631843,69.99881885174736,0.25,25.005725475892227,6.906219968822066
2026-05-06 09:55:00,51.82669446372836,90.14368527222359,69.59046148128994,0.32395932899222707,29.030942989073434,15.20428709404952
2026-05-06 09:55:30,46.27907403731361,93.9897060666293,73.47114534796752,0.49384178232199144,31.30389951240386,8.162674705849147
2026-05-06 09:56:00,47.025465187365974,89.96690903935223,61.836641499316855,0.4584863542367043,31.03731345994104,18.686272430509643
2026-05-06 09:56:30,49.805498122286316,88.18043722056207,71.72800369277157,0.4867873375666338,25.76990077870599,13.173786413209964
2026-05-06 09:57:00,51.37188182012808,90.23330850859989,71.40810984466256,0.43587006018915136,30.095972014934805,16.048601565104594
2026-05-06 09:57:30,53.15385933783787,94.42602381570283,74.33532856654392,0.3761469392886043,24.02852931180776,11.467750150348737
2026-05-06 09:58:00,48.909001108656774,101.13906780484157,75.00718599083466,0.4480100733295759,23.949014694818988,12.752927169319369
2026-05-06 09:58:30,51.18888615098848,89.20065245527536,64.71315116708818,0.6,29.36192592252838,9.59140875069473
2026-05-06 09:59:00,49.481797269012056,89.82483358678381,68.49599307837887,0.26748501234176275,27.257266035578994,6.219393144925531
2026-05-06 09:59:30,45.915202035122185,85.44932523045101,71.84192052132211,0.5439323565418974,24.455556183652053,22.64354950681036
2026-05-06 10:00:00,50.98428917255592,87.29323106572856,68.19302534218971,0.6,28.48557998286251,15.822575673800968
2026-05-06 10:00:30,52.07693927792876,92.5882095629096,71.09134031892822,0.25,25.08314425602955,18.52398161124298
2026-05-06 10:01:00,53.08393932639428,80.70896109576931,71.20232792429057,0.25,30.717082462341637,14.64781918813103
2026-05-06 10:01:30,52.33458809005633,85.6084100465354,74.12303657450016,0.6,22.594377467003913,18.032917725499832
2026-05-06 10:02:00,50.494835601498984,90.78775649384487,72.649973411176,0.6,29.74144873818146,20.17401948137195
2026-05-06 10:02:30,48.00255406977533,101.81841645387908,68.1140095410121,0.6,28.89906240204949,16.74988531910454
2026-05-06 10:03:00,48.956672718394046,93.86996683239335,69.89253266004778,0.4243955396311952,27.355305535502502,11.96661007662217
2026-05-06 10:03:30,47.508971017368076,90.08560535867757,73.40126579155206,0.6,24.50465843931347,20.51623275229152
2026-05-06 10:04:00,53.661018639549724,94.79539744060648,70.31829793205969,0.2728760842399109,29.114406971633873,19.141993112395806
2026-05-06 10:04:30,46.047248859141014,87.20712183774717,68.9057438509796,0.4703887989566027,28.60415097379177,20.247404383442365
2026-05-06 10:05:00,47.25767867654624,94.78859534236945,68.9430104089148,0.25,31.798844633309898,16.732878505958197
2026-05-06 10:05:30,45.58393597590462,97.11254250580728,71.18415682662699,0.4241537494572147,27.286136820113686,17.21564366694348
2026-05-06 10:06:00,51.8033127166499,93.32469967324447,70.15073168554106,0.6,30.27597057947513,16.15886089820705
2026-05-06 10:06:30,53.69404114626952,87.50229760570942,66.7734976408385,0.41442811532437235,26.01445865188513,15.413645559390378
2026-05-06 10:07:00,55.02953902368028,90.31858357352567,71.8890950749442,0.25,27.212527352283235,11.61294810643605
2026-05-06 10:07:30,47.76310134163188,95.41456259574451,70.94476897315607,0.25,26.806987280133765,20.39631543251369
2026-05-06 10:08:00,51.56094437300076,90.3334783572546,66.72097793592036,0.25,24.091507774127663,18.439134438015024
2026-05-06 10:08:30,51.09474405139014,85.84234987909336,68.22582869817333,0.49862430062523555,24.258662369476635,16.758260844316094
2026-05-06 10:09:00,49.931538033761115,94.65785485868794,75.5809714911555,0.25,26.030390052426373,17.078064327442547
2026-05-06 10:09:30,48.76463394641897,91.66985438288208,73.80282493531107,0.3125395948405736,26.149771439826065,16.92412376693247
2026-05-06 10:10:00,45.39316048787103,104.62795645101612,74.10235329277307,0.25,26.981788898707542,14.505050999256618
2026-05-06 10:10:30,48.73896293353728,88.46249904210569,70.19484585434802,0.4285357475288571,28.27477604524326,12.812712632774602
2026-05-06 10:11:00,52.09484354715033,95.7708284311172,64.68599022994835,0.25,26.52656845901022,11.479437590653381
2026-05-06 10:11:30,51.31413034360533,97.55738437448872,65.52430267879488,0.25,27.34712231021659,21.506759460163778
2026-05-06 10:12:00,45.83504847536703,94.25378105536745,73.31340383904009,0.6,27.8148134210188,14.41620310633499
2026-05-06 10:12:30,52.50396332495993,92.6542800701397,62.38338995795496,0.25,29.928457837073193,9.549858282679672
2026-05-06 10:13:00,52.17801788204899,100.40038993740276,76.80896306221392,0.35255586584199444,30.91912796384833,15.04403614944442
2026-05-06 10:13:30,44.565232432463525,92.02427675205607,73.6726454404296,0.25,31.316937140011838,16.73569112385028
2026-05-06 10:14:00,49.940522296113414,96.99561232988546,76.49163247198119,0.25,28.42130867137393,12.651731914203523
2026-05-06 10:14:30,51.12240978534877,95.98083587239206,69.87666816584944,0.2724625881648024,28.70602865694233,15.97400205311849
2026-05-06 10:15:00,56.86213216776555,82.99776338234686,75.94918451542564,0.25,24.947432012148873,16.76825779231255
2026-05-06 10:15:30,52.39171701349025,99.49043533708219,66.195649098273,0.34061574544225276,22.553516384763327,18.851104621314093
2026-05-06 10:16:00,54.22369671101657,90.18332568023163,69.72731760719785,0.3877890025600929,23.381831610108655,16.15479163969629
2026-05-06 10:16:30,42.904186929999696,86.36317267807833,74.75699170140368,0.27076239936705243,28.752596334818122,13.744341378422051
2026-05-06 10:17:00,54.29931280116209,92.73920022334552,76.4817776527839,0.6,25.367171080540825,13.242542619113904
2026-05-06 10:17:30,49.174220088491495,92.718221392059,62.64414030162925,0.5113128775739659,26.856139668434807,20.325338593579588
2026-05-06 10:18:00,50.058424265426126,90.5489352652521,61.54007931572999,0.6,32.3366766762819,14.926167443509536
2026-05-06 10:18:30,56.90660071606784,88.35109399200212,65.36818309466146,0.6,29.559219439015457,14.993145117319546
2026-05-06 10:19:00,52.0638561543577,90.50180725600886,68.14091971679987,0.6,31.767079203306142,21.881958749980708
2026-05-06 10:19:30,49.11482888866522,87.52409611957526,71.81047410485469,0.2523891278139044,24.14253458354894,15.29709711668319
2026-05-06 10:20:00,48.01989158185946,91.39249552070666,71.68550857130754,0.4444931424818612,32.059590608532226,13.537067680362462
2026-05-06 10:20:30,50.008107255057816,94.58367142031558,70.29466102286473,0.26137941786876207,28.89829353580829,9.052058200379038
2026-05-06 10:21:00,46.78427914202134,101.7995831629672,69.1929863858191,0.25,27.077173730799398,19.39406206335774
2026-05-06 10:21:30,46.344184935450414,83.99823004923381,69.2911645736791,0.46208355390428724,26.010124189641104,14.15747380979902
2026-05-06 10:22:00,49.01798862386861,89.6088680602973,74.630425988743,0.46082762141150224,29.259947051302188,13.070314228606527
2026-05-06 10:22:30,53.98902174914207,99.0650558592437,76.74332025194364,0.6,28.57332449379958,19.663338993970257
2026-05-06 10:23:00,46.17027573211256,90.29274411445103,68.38652344180711,0.2679285250757577,24.739865938476086,16.89055950515677
2026-05-06 10:23:30,48.868373601779965,90.63775448714934,71.55370669397794,0.25,28.92201872346267,15.512183161304831
2026-05-06 10:24:00,45.53684989655557,91.45363302464958,74.11896192244495,0.2880989849241149,25.25003616853954,8.380533110269813
2026-05-06 10:24:30,52.36507912746202,93.48408915824311,71.38046870817394,0.5653305947629327,26.565287578183625,18.252655596633073
2026-05-06 10:25:00,51.79448928465002,88.92266028460962,77.84110666327192,0.25,30.176785313699707,18.170861973677162
2026-05-06 10:25:30,49.02110441863239,92.51468517905282,71.44241572433444,0.25,24.77030610115353,18.946094891148267
2026-05-06 10:26:00,44.198596788185,98.9293925190142,63.9784962816674,0.6,24.716082616995593,14.236568443107409
2026-05-06 10:26:30,50.732890380246324,92.30550834778322,67.59465060705685,0.529433429457788,25.55494427092181,14.453029423811694
2026-05-06 10:27:00,52.005086086490444,90.54876623504701,68.09846354435375,0.6,26.00086334717096,17.67312177140899
2026-05-06 10:27:30,50.9964438615119,100.35155334468634,68.61960234885987,0.3760156607798897,24.02930014799268,17.47967190728081
2026-05-06 10:28:00,46.51647956876907,89.69610731078235,73.3008615298077,0.5429152913641285,24.623564626799144,15.10746305978627
2026-05-06 10:28:30,52.78938760266689,87.5256878142088,72.94087391546284,0.25942395148910086,27.422378160713507,16.074941312705175
2026-05-06 10:29:00,48.6635132185632,91.2052233807848,72.28779206459295,0.6,27.897009736354185,19.45826947682531
2026-05-06 10:29:30,53.89506798221975,88.77971830146,76.8306794265386,0.3157906389672841,26.105592841835797,10.75302255642269
2026-05-06 10:30:00,51.947990278069625,90.30474614080025,71.83390198839527,0.5791746331822665,24.649635633141703,14.67364671467055
2026-05-06 10:30:30,49.46770809941984,96.30679229416045,71.08867861496849,0.25,26.751421893476014,20.09652330024533
2026-05-06 10:31:00,47.5648540916965,102.35276032789022,64.943161259869,0.25,28.123157013677318,14.368148474593257
2026-05-06 10:31:30,52.43613870062914,92.77498673801017,68.57927835695621,0.25,29.83300850157355,13.322469926227729
2026-05-06 10:32:00,52.125817114650445,100.73236903749384,62.904093219952486,0.4060533575793087,29.22006719667937,19.668010359921503
2026-05-06 10:32:30,46.14020415923921,94.03439596145823,73.40958984671228,0.3576363492353264,27.606665715887974,17.49257332830356
2026-05-06 10:33:00,51.872392058408224,88.90427952155815,67.63256075713696,0.25,26.997454246119727,14.723107330068503
2026-05-06 10:33:30,49.67495724847423,90.41725080183495,71.53108218267806,0.4042066477421723,23.22334769920751,16.204686122249743
2026-05-06 10:34:00,47.448511778284654,91.700433021522,57.29053899482702,0.33286416454943457,29.858682595291228,22.730741168840947
2026-05-06 10:34:30,45.759699207256716,90.26471309214307,64.89360063955996,0.4939452422175283,25.040858476765262,13.40006916978623
2026-05-06 10:35:00,52.17848891773905,82.74771388964635,66.64208155369867,0.28399292189736214,25.247416949800204,16.13696550659988
2026-05-06 10:35:30,53.349626533400325,87.45974230545184,67.63317732391863,0.3043739666396552,26.841419998295297,12.891134539816235
2026-05-06 10:36:00,53.425830197045784,97.8550823465058,69.29950288878467,0.6,28.308699344808986,21.319888150423935
2026-05-06 10:36:30,56.90660071606784,81.18881198085076,66.79610827504905,0.5536833519291817,26.40192319500419,10.56597799475798
2026-05-06 10:37:00,49.81142842272149,87.65617209171486,66.0254725074,0.41298165956917354,26.791267854533956,15.681025860051005
2026-05-06 10:37:30,49.75229049054044,86.77715343270017,74.84039926079748,0.6,26.629719235567567,17.54515278217113
2026-05-06 10:38:00,52.017118626634414,98.88089668713249,75.44908066027419,0.4895544997535905,23.774619916572536,10.216958533229572
2026-05-06 10:38:30,51.84029412259766,91.71947011740805,66.23277195223213,0.5069593495022232,26.735064610433753,10.355960038563069
2026-05-06 10:39:00,49.78941506242029,85.50706063431092,67.88431461752332,0.38927159076005236,24.895029850648502,16.799655172625982
2026-05-06 10:39:30,54.409710056591656,81.62671171262969,75.04324816736153,0.6,29.39043683599553,14.284786254250504
2026-05-06 10:40:00,47.10384464150246,88.28576537075826,69.5348697931004,0.3729370860272483,29.467919089257805,14.778379019171826
2026-05-06 10:40:30,45.488611401465086,93.84365738980225,68.23146910621452,0.589825116251962,32.6253919012414,11.743794425671727
2026-05-06 10:41:00,50.10073217145018,94.07329865643916,66.15317749963485,0.6,29.130881115862238,18.01236263359973
2026-05-06 10:41:30,51.255819086294316,88.41075050962961,65.36490207607031,0.6,22.61104395629289,13.571085848915747
2026-05-06 10:42:00,47.80049374330519,86.32087094837767,71.06848505603922,0.35924641419253595,26.872997945004474,11.422257495226816
2026-05-06 10:42:30,54.48292044295502,89.96312239601185,63.38809230300635,0.25,28.892901946024907,13.579501292967759
2026-05-06 10:43:00,50.029764819042526,94.46381237548249,71.12013146638789,0.4833165754922733,25.233974792834903,16.728049078585187
2026-05-06 10:43:30,50.34298541379766,86.75560680958775,64.17464515252155,0.25,30.921515737363936,16.585121772658322
2026-05-06 10:44:00,51.676663843120515,80.64350634488852,64.65396855184161,0.6,30.429453887145392,18.81305726110299
2026-05-06 10:44:30,49.375541131791664,91.02974253123503,73.97002517990911,0.5124928960287907,28.087107919749936,15.47800240358507
2026-05-06 10:45:00,50.953102058756656,91.67269728061991,77.18448101668078,0.5002871037159773,30.861613760238857,20.93794396132354
2026-05-06 10:45:30,50.8710344779528,105.6697190351457,69.757432730006,0.6,29.387353312975854,13.997830326440274
2026-05-06 10:46:00,49.77492624504023,80.73656139941922,71.27142675236159,0.6,29.020504675908533,19.235832641886333
2026-05-06 10:46:30,51.336159598007754,105.6697190351457,70.18371526566426,0.4887948130138455,27.022077954542326,14.17379518638407
2026-05-06 10:47:00,50.65426417331535,91.7009240975392,65.77356005438322,0.6,28.386407928019096,16.17617026857022
2026-05-06 10:47:30,52.90794123224936,99.41108632487658,68.36426301040137,0.6,24.5880041562541,18.73149385166931
2026-05-06 10:48:00,49.681653464203116,95.6179558252921,69.49062580766929,0.25174131011397316,23.967588351511683,13.43106240562009
2026-05-06 10:48:30,54.57819665239754,96.65272214158904,66.26059316884665,0.25,24.55230001453482,14.168980629826208
2026-05-06 10:49:00,49.47671802028881,89.23364766010761,66.87671772103475,0.25,24.02886400409214,11.574613984880632
2026-05-06 10:49:30,54.13830594242532,93.48799702854393,64.24134703867048,0.48269302436299677,27.67139840982745,19.151837208939074
2026-05-06 10:50:00,50.941763378285465,93.3941613747171,67.46705981956812,0.5567983417912169,25.88936157583375,15.104886170413295
2026-05-06 10:50:30,50.839518355624996,76.74433369400359,73.08040244545272,0.6,28.566001754416746,15.798520381071906
2026-05-06 10:51:00,49.63114749682179,91.44072894612552,66.3428525695913,0.25,26.536889177867526,9.958796489488531
2026-05-06 10:51:30,54.159685220136794,88.46870558083755,66.52168590337219,0.2532411527970471,29.332230155562623,19.602218065167683
2026-05-06 10:52:00,49.438544476738954,94.7198558955829,72.1086029646982,0.25,25.645515437110195,17.162311444610804
2026-05-06 10:52:30,53.25189336535144,89.35384500454168,66.70848158616774,0.29893596717832605,26.571885360734846,15.652825456926578
2026-05-06 10:53:00,54.78005567132972,86.47539084003057,70.37520552130923,0.35676529647733785,28.21956322614309,23.17740021085765
2026-05-06 10:53:30,49.31391336838588,86.91684061612852,67.3681458475406,0.2771523033542057,28.71953108708329,12.828991770767367
2026-05-06 10:54:00,46.50517367967767,90.40655195403845,76.44699357155535,0.46658740461807946,25.572681456509045,13.698808789907961
2026-05-06 10:54:30,39.50535432133424,78.63720138663626,70.05449733756394,0.5441099724290082,26.65600371221493,13.705232391815624
2026-05-06 10:55:00,50.615687345593365,89.85325847656614,66.54188997608414,0.6,28.409235886675706,16.5071423042589
2026-05-06 10:55:30,50.453074974191665,83.22392020820661,74.64139227219005,0.6,25.406482686624088,15.900000576295422
2026-05-06 10:56:00,51.13112963404231,91.1790523354994,70.27950757413889,0.25,27.371549336193866,13.256210072741766
2026-05-06 10:56:30,47.94063710066886,99.12906772818624,70.55425871401306,0.5791826368734823,28.61222137950153,14.79551024567584
2026-05-06 10:57:00,48.493694593514796,86.99836415099162,72.74954854664125,0.25556053409825685,30.908227175858364,15.222210190948331
2026-05-06 10:57:30,47.588120494360574,89.38321149085228,70.20711657242065,0.26252772452770856,26.511583862856927,11.625722770532569
2026-05-06 10:58:00,51.206963046876204,99.93692398654332,70.95937319465685,0.6,20.762476772336193,19.954823283518827
2026-05-06 10:58:30,51.390742052386436,94.96498686824555,70.41926444942743,0.25,25.228533304626456,18.366487923678786
2026-05-06 10:59:00,47.336895869242795,88.02632317072236,73.84403080180097,0.6,28.736214783451036,17.22971091336787
2026-05-06 10:59:30,49.85368674402635,91.0000487516922,71.63918860192767,0.41744703330801675,29.72022949029263,20.873339373682978
2026-05-06 11:00:00,50.11882494064833,85.62259358676916,74.48869046688746,0.4193136294867558,22.32912996366479,23.17740021085765
2026-05-06 11:00:30,49.742952066157336,92.06634514601649,69.84886161730252,0.4378849232100457,26.392962196792958,11.151579382762222
2026-05-06 11:01:00,50.172169844242255,98.51721958536413,65.32053053820448,0.25,23.568292078423667,20.055864928131378
2026-05-06 11:01:30,53.306171006073185,98.33859555805971,67.85674794457027,0.4675633737368423,31.51605717405858,12.896169297235843
2026-05-06 11:02:00,52.812444075809346,96.65712653109445,65.33246808295065,0.5260190304539439,28.135556913722883,10.692052439814532
2026-05-06 11:02:30,56.26175556034185,90.44194891495076,72.41324975762882,0.25,24.67237785954716,17.01357198119953
2026-05-06 11:03:00,51.22975441315428,79.28061724425376,70.09857298420756,0.551020106306542,26.974904638466246,14.559199636413556
2026-05-06 11:03:30,47.752562489788744,84.16944726636737,64.28544453211434,0.4745452893633723,29.247099126630452,15.75066043060557
2026-05-06 11:04:00,49.3562027342995,92.63012025744416,78.62807843873775,0.31030743982792064,28.507771636601863,18.09299560555474
2026-05-06 11:04:30,46.52421014106501,89.13090980278346,65.34013230350297,0.26457191568673394,25.947305196140174,18.19775843758924
2026-05-06 11:05:00,48.564092657445705,82.99048384693413,77.62107389353488,0.6,31.410152846339233,15.783066518873687
2026-05-06 11:05:30,55.09430948892309,86.6623228377204,67.48195315840819,0.6,25.077322454304188,18.617083346169547
2026-05-06 11:06:00,47.058545082125335,92.66621904030326,71.38009231116007,0.25,30.847217565711055,16.22696268457177
2026-05-06 11:06:30,52.336447259192816,85.27114030482952,73.21876630151473,0.25,28.307547171000127,16.33227562619884
2026-05-06 11:07:00,47.53891218348134,91.39821165268215,70.72276962815047,0.45842690351888754,30.891861509578728,15.483959778440777
2026-05-06 11:07:30,55.075203201705484,98.4831533941421,72.79900763886788,0.44423467745932366,24.96039702039513,17.63847455407868
2026-05-06 11:08:00,53.990207394033824,96.60532269086185,70.50338976003187,0.5349058931155397,27.270830885779127,18.084198263167007
2026-05-06 11:08:30,49.18563161420029,89.65985449908327,68.03881319476973,0.47335338944462035,26.72755538169465,14.789462017287187
2026-05-06 11:09:00,49.6641858911312,92.68084654822984,69.99817686924412,0.504054622551981,26.326646143309734,13.102269238144038
2026-05-06 11:09:30,55.337211373349504,83.01332518964969,67.6012511451537,0.6,26.02952593010717,11.270464857228642
2026-05-06 11:10:00,48.798104918047585,88.93344482570012,70.32683589525334,0.2790284924939035,22.09089060102182,16.60147940533483
2026-05-06 11:10:30,52.772980810200956,77.68458849253096,68.3490685940533,0.25,28.953753338788097,11.96116831608803
2026-05-06 11:11:00,44.38600032148945,93.627351351214,74.31746603331591,0.28550741415455594,28.72984596236085,14.58080045551522
2026-05-06 11:11:30,49.246398199666544,96.85960506820092,76.46361301580916,0.25896534770751545,28.476500117934087,13.296878505100734
2026-05-06 11:12:00,47.16014556822437,91.42079879619143,72.16001657889593,0.5372962825284193,26.3261064095131,13.899295700486809
2026-05-06 11:12:30,47.71778457941877,94.79012072533128,72.81823206893976,0.6,29.670066938284428,11.162235469451408
2026-05-06 11:13:00,49.226317574521175,88.14356231485667,68.69363922503216,0.5002741238495575,26.898097921949947,17.048513978662683
2026-05-06 11:13:30,47.384897867253194,87.72699343954224,66.783331470858,0.35282901013218826,25.88009976033027,12.809456726527342
2026-05-06 11:14:00,46.659479043146575,91.96270380323648,65.8781094363548,0.25,29.098567050464716,15.900760454764882
2026-05-06 11:14:30,48.27492582640749,89.88738188395448,65.04111252974576,0.25,24.419029669521382,20.363769425561756
2026-05-06 11:15:00,56.90660071606784,88.8822115834148,73.31063131407255,0.6,26.042577495825174,13.975584144956974
2026-05-06 11:15:30,55.043702595977564,94.63442990320645,68.62915562707312,0.25,27.48921011068867,14.18625881648235
2026-05-06 11:16:00,54.48316800874829,89.8973433671017,62.840178562215584,0.6,21.88561795785639,14.437786176327064
2026-05-06 11:16:30,48.167481681875664,91.51127170937812,69.95926863197272,0.598559236331548,31.449121724167746,16.87009319498899
2026-05-06 11:17:00,53.006632367773975,94.26266238758151,68.03356799966826,0.5728401568247684,26.110515039786527,19.364159445960762
2026-05-06 11:17:30,51.50412815418229,90.84433575298637,71.80057681931271,0.25,25.19363336336423,15.38907296735481
2026-05-06 11:18:00,47.692065896361136,88.63024452704462,67.25736032397582,0.25,22.469090533158877,11.33510682729517
2026-05-06 11:18:30,51.887892934008754,92.78530375021104,62.754940474478566,0.405840917156202,29.71157822039332,18.554728030001492
2026-05-06 11:19:00,50.66213321938591,95.92340211522679,71.82175958147347,0.4247370270220863,27.60159301602278,17.823957492892163
2026-05-06 11:19:30,51.95219312339604,93.43516137534479,67.34364703602185,0.3668555945106653,27.46362467470661,17.30213496271043
2026-05-06 11:20:00,53.205972003953924,86.24755075540484,72.28931885517547,0.504367332949058,27.035241044953604,16.344859200133882
2026-05-06 11:20:30,53.94891192345035,90.13456042975204,67.85799275979547,0.3289802946980488,28.923555552693827,17.71089203772662
2026-05-06 11:21:00,51.90079659338429,95.91425095023547,66.0566378565751,0.5341660809464932,28.307495322118708,9.91219274186875
2026-05-06 11:21:30,53.75334761336711,95.10825345296166,70.28265379684548,0.5254260652476569,29.273234031540518,16.409091050225673
2026-05-06 11:22:00,48.913512781264814,90.47718618682751,65.5110465759912,0.6,31.23931820151026,13.88162685815071
2026-05-06 11:22:30,50.260509894662334,90.98200996426404,70.09941335612815,0.5410711025569372,22.58438209718698,11.436826178038302
2026-05-06 11:23:00,50.346569183230166,86.68844986715081,68.9570736388191,0.34985256908450024,28.711450835743356,14.792698880904448
2026-05-06 11:23:30,52.651336987252975,96.26623083511475,63.76879427942072,0.35671912139835693,24.852452163014686,18.02911713853686
2026-05-06 11:24:00,49.26727994961258,90.91859507245086,78.62807843873775,0.25,26.430762060065167,14.943331443110008
2026-05-06 11:24:30,52.41127642548012,83.99306071168756,72.95292774705399,0.31105469804650754,26.575605371574433,10.970217584765738
2026-05-06 11:25:00,44.827268362541204,93.53726827665002,76.61369365997,0.5028617700979721,25.153964555236914,14.471595379285999
2026-05-06 11:25:30,52.49176250662161,96.6237840387414,67.42362919866606,0.3886405742464774,31.913784053851717,15.769198462036528
2026-05-06 11:26:00,53.90201176435624,97.13231035337341,73.83739368203317,0.25,28.497314410017328,12.746082986318275
2026-05-06 11:26:30,50.652001637153084,91.4612711957149,67.70770561958578,0.5078382459078179,30.276072362367035,16.123460396345457
2026-05-06 11:27:00,45.37228933663918,98.99125876824787,74.60118684093422,0.25,26.26370203652156,15.048930212341737
2026-05-06 11:27:30,53.83192555279187,83.1668397619938,67.28057533097315,0.6,28.615022904116497,14.09617061573509
2026-05-06 11:28:00,45.08234746371298,88.90405642809228,69.93569808231373,0.3917450564387387,26.27215450932539,16.533085444545815
2026-05-06 11:28:30,53.86474283195181,97.09799614505313,68.138721969289,0.49526286723694124,25.601736339984516,15.444075961125904
2026-05-06 11:29:00,47.404989905730275,93.00799047815192,64.42581747692162,0.5963625935791468,28.595180419119256,17.499182622156617
2026-05-06 11:29:30,51.35463783194044,87.78637584271743,65.15528237375048,0.25,29.69802462043499,14.476341624741444
2026-05-06 11:30:00,50.48353987275262,86.69889550642466,71.96110591788505,0.25,23.125264226892575,11.58433620102318
2026-05-06 11:30:30,47.34874488039758,89.72369011228955,71.27678721014625,0.6,24.83263144540637,15.6224589083832
2026-05-06 11:31:00,51.42821384098309,87.42606975884281,67.68189649314023,0.6,28.38492507734941,17.29099463943981
2026-05-06 11:31:30,48.69537363636965,98.61114234982935,70.27645795768036,0.6,27.44905896418105,20.679178305161383
2026-05-06 11:32:00,51.858437641674044,84.24234830108303,76.23969922543246,0.25,22.828501960468316,16.62631255370531
2026-05-06 11:32:30,51.0520526996726,99.9260405927628,68.40836602893278,0.3052206203444171,24.751113563928975,17.401295502809372
2026-05-06 11:33:00,47.499361174682136,89.80524331997076,68.02282739578884,0.6,27.6311423987317,14.81035109778295
2026-05-06 11:33:30,43.68332276979824,91.22355759322043,68.15282916471371,0.3081072305071278,28.58334652062846,14.656159391462912
2026-05-06 11:34:00,49.91754639111955,99.66680656444498,76.95801316239951,0.5600433610319953,25.841432304043188,11.327368238586512
2026-05-06 11:34:30,48.19904238626114,90.44627351435327,70.77900784657292,0.4336856160345617,24.976234345033106,12.737962798799513
2026-05-06 11:35:00,44.841085890007605,92.24157890635284,72.80981626190358,0.44009253570084766,29.19068871192141,13.06828606867183
2026-05-06 11:35:30,51.036224549559265,94.94630251066118,69.36381422705377,0.25,29.63628203584225,19.388095287090735
2026-05-06 11:36:00,56.877178527656895,79.55949505786565,71.53255249822344,0.25,23.51201587359026,15.034522646344108
2026-05-06 11:36:30,50.11399215667803,93.72601192658426,68.64715799753372,0.6,26.445248893199715,11.101581777674456
2026-05-06 11:37:00,50.74600273293411,97.25124690899227,73.94004136300508,0.45655017595978625,26.030853335688253,17.18023684146366
2026-05-06 11:37:30,53.0560943517036,92.67777342139648,69.98450522823467,0.4071230401535133,28.971147018888203,15.902137763031119
2026-05-06 11:38:00,53.31305792018457,97.46623913965607,65.59674316327681,0.39971186871050857,27.809584945536308,9.902891049671657
2026-05-06 11:38:30,44.04871990397626,86.30425324248867,69.65316509751696,0.5769695921394916,27.52703783663762,21.10615161966124
2026-05-06 11:39:00,45.777680001744145,90.97203329164911,69.65028221285863,0.562715980836276,24.878840027541095,18.54592186704715
2026-05-06 11:39:30,50.70224808688209,103.09256108692762,63.769955098200455,0.6,27.115767684749148,19.88490497034775
2026-05-06 11:40:00,48.982530247285446,90.84166951175405,64.03867143169407,0.3764000670256973,30.642145033168365,14.265548287688956
2026-05-06 11:40:30,47.66766808512169,89.20937348293789,60.34077968348406,0.25,25.64751822643052,13.343768763810981
2026-05-06 11:41:00,48.79192417244736,91.54153313737818,64.27936470261334,0.6,30.44917394976496,16.962511577924513
2026-05-06 11:41:30,49.76090437450706,89.33958443494895,72.77992286129128,0.25,28.528302611048446,13.201631747227609
2026-05-06 11:42:00,46.23226197182064,84.34040509017001,67.42636239138548,0.4683741773879534,23.411036901165375,12.97283010530987
2026-05-06 11:42:30,47.651729781606996,88.93170117194411,67.64242186382651,0.6,28.68323888892349,12.443998256076632
2026-05-06 11:43:00,44.35714868644608,97.82293758511958,68.66161654098325,0.5856309726375134,28.97725646163024,12.623945678246477
2026-05-06 11:43:30,48.73079954255853,88.19687092951834,68.02237622093814,0.5922178201211306,28.12976717038994,16.063751912630178
2026-05-06 11:44:00,52.668753568039236,93.06596360468892,66.52120086938132,0.4247977612050794,25.197756154396643,14.38886255281038
2026-05-06 11:44:30,50.70218167878576,94.25007488226447,72.21268867789597,0.5954068385980473,26.9687559068553,16.708368786961092
2026-05-06 11:45:00,47.31504382712416,99.65285566379121,63.88005044836883,0.29686802525585804,26.779397771082433,21.379576176551165
2026-05-06 11:45:30,49.07997649807696,88.1356631781405,64.28270273395782,0.6,28.99911950034626,13.35455987419927
2026-05-06 11:46:00,47.424399085577946,97.7500541560637,67.52695113209666,0.38389963964393126,26.79308932555494,14.506016161693358
2026-05-06 11:46:30,42.29133536013634,96.95779129996255,67.16271263649564,0.5922671352356014,26.64359871497621,13.256611250168897
2026-05-06 11:47:00,50.17781612847823,92.29064661093774,69.8090859992167,0.43215090466205797,28.71081757710091,16.00253308972486
2026-05-06 11:47:30,53.456694119908356,95.52840499596985,68.34207237194931,0.5203452966012927,25.57444222517814,15.331378140585933
2026-05-06 11:48:00,51.16553011625987,88.94391135207395,68.63832808110091,0.25,23.13650457104696,14.972691139533257
2026-05-06 11:48:30,56.11628872625823,92.53733857051702,61.904199756906394,0.36650769120144466,32.69528957218284,19.322836476172007
2026-05-06 11:49:00,47.04173192067525,99.07479293946935,69.76529101516252,0.6,24.854282736705343,20.361644211972372
2026-05-06 11:49:30,53.12508673205904,102.01444120706488,71.58595086558813,0.47046679209595876,28.733233291180174,20.39027337657573
2026-05-06 11:50:00,51.243118829296336,90.71598736811639,64.36780273496657,0.25,25.58977222532069,16.499371223864156
2026-05-06 11:50:30,49.349985903446814,83.67531516834684,72.89746205840889,0.5037577971793361,25.446653051920396,13.037796293459818
2026-05-06 11:51:00,53.925510828365105,83.8350724499017,69.05920049576166,0.25256781437463083,30.799119598405678,18.257942504944673
2026-05-06 11:51:30,50.857417310795256,89.86093370488948,68.57592297964503,0.5878793765145711,28.408670164384795,19.75086654334426
2026-05-06 11:52:00,48.8569030052311,100.67726367356003,72.54635807188572,0.2569504560124375,25.962771722129226,16.94425842668238
2026-05-06 11:52:30,51.17381824060655,99.219287885096,65.46891915943782,0.3082277934643106,24.380542460581403,20.06029426603247
2026-05-06 11:53:00,46.09329326256935,87.86146465143162,66.41124043229595,0.4545139524363612,27.506665913457397,17.94135585796528
2026-05-06 11:53:30,44.907308822805035,104.03515591744373,64.0224839258733,0.5813848657453641,27.944520634285013,13.481838085232239
2026-05-06 11:54:00,46.88422002074468,92.54162969219182,69.65466874872112,0.25,23.857318406973885,15.874681993852839
2026-05-06 11:54:30,46.82635541981731,93.05175887207868,68.59877233049421,0.25,22.40180549493808,10.612626029832759
2026-05-06 11:55:00,48.48175756628043,88.07685759920201,67.37297550025143,0.5254919199685775,27.97582795868212,13.058086311513811
2026-05-06 11:55:30,43.53731988428599,89.66626744965946,68.08204596714499,0.25,28.73964218079171,10.215332087558433
2026-05-06 11:56:00,51.64936037153912,87.51907324345912,77.79604309973539,0.5232178596516199,28.262465714373946,23.17740021085765
2026-05-06 11:56:30,50.41024613691811,88.35411028571374,63.38566969673687,0.2682382165920295,27.748121013957853,14.137619688088687
2026-05-06 11:57:00,48.432342557658636,97.41939678430951,71.29286519512182,0.25,29.578403644475877,18.497878884267127
2026-05-06 11:57:30,52.348165172468846,93.38329267227736,69.02407438217836,0.3569706924845071,30.89994949716022,11.251941103130072
2026-05-06 11:58:00,51.581766349682,87.0549959737145,72.48352461909798,0.5443695015582464,23.81796626273005,14.968834433616149
2026-05-06 11:58:30,48.602193515202934,93.8769821978984,69.50100725268159,0.5065063856206536,23.299983468208676,15.038555416091318
2026-05-06 11:59:00,53.72910951069285,91.4736442184974,67.96988973203678,0.6,26.152367688865695,14.058554821678033
2026-05-06 11:59:30,51.023291406980874,82.74850478789062,76.9795441083028,0.6,25.090617405598522,12.56303697749072
2026-05-06 12:00:00,55.63200291534986,86.36636581493978,66.20921642517223,0.25,26.765009628379584,12.05607058626606
2026-05-06 12:00:30,47.11751020014932,97.85855919981665,73.78949829612995,0.6,25.90614653285274,13.128539532044687
2026-05-06 12:01:00,50.35691621080853,96.07461358442396,68.27030975341627,0.5293496354041031,33.20403264551524,15.780408071310985
2026-05-06 12:01:30,45.50339257907507,98.420759841125,68.67075982268796,0.25,27.888576583629202,14.257927211664297
2026-05-06 12:02:00,51.674991753723646,87.1845095616521,74.04863349918753,0.6,23.09395675367828,16.32243494788212
2026-05-06 12:02:30,51.66682043738526,93.4029653646594,73.1494833037328,0.25,24.996308770980168,15.42656949290339
2026-05-06 12:03:00,52.68613852609484,102.24502757817949,71.75051869884462,0.35931259164167323,26.225559050455573,21.257229825169134
2026-05-06 12:03:30,52.147325696811954,93.29678914192796,68.65844426259038,0.3712630680554475,27.120928736975436,14.50198660469296
2026-05-06 12:04:00,46.93243026676379,92.19668382473397,71.04442509546499,0.6,27.382821698049494,16.899963924023076
2026-05-06 12:04:30,51.49450565457333,83.94481440986678,73.79609394740629,0.25,27.554862189436832,17.565070135677438
2026-05-06 12:05:00,53.2337321214835,93.02741425435163,70.675765195028,0.6,28.818384578581774,17.671132468039065
2026-05-06 12:05:30,43.42244923419399,100.17902208652117,64.29032787731559,0.25,26.283676975325353,18.65584290960364
2026-05-06 12:06:00,48.977993610895304,94.45072136828918,65.2597636606528,0.2676647746699734,31.696950012263045,21.386057043378322
2026-05-06 12:06:30,51.22430924536221,92.25953341443022,70.78751680108643,0.46252209775770275,27.370794488358193,14.975468874250485
2026-05-06 12:07:00,50.983613492381906,102.01680564415214,74.13377066430516,0.25,23.0290327743898,15.764981997190633
2026-05-06 12:07:30,51.377382093718815,102.56256098458908,65.99537932623315,0.47032695229748894,32.8267246102736,15.877556576514973
2026-05-06 12:08:00,50.85299306554091,102.0777406667878,66.26740656346412,0.6,29.42777158235501,18.504555101839433
2026-05-06 12:08:30,51.405677286895035,89.22049679772515,72.40898066198405,0.25,24.540177990714003,10.683620965465975
2026-05-06 12:09:00,49.179517776290716,99.44777442352597,65.40612604377307,0.3080691765453937,30.43799080647745,14.196385416354055
2026-05-06 12:09:30,55.68829602480282,99.03739159186695,72.18952138491156,0.3940840149950168,30.762643150657254,16.457179018031308
2026-05-06 12:10:00,47.681665635406226,98.53276999031705,71.78803630554555,0.2700114585337577,27.229449941130042,14.875965566220668
2026-05-06 12:10:30,50.076306327485796,90.61997178844604,64.05572835857208,0.6,28.500790002902338,13.787283272915438
2026-05-06 12:11:00,51.085687517846125,91.27859187133274,71.86545705732094,0.32971192113420184,26.01402677907548,17.269489191025233
2026-05-06 12:11:30,50.99155549876354,93.61335074677342,70.97442336887636,0.26895664775419276,29.933907075497448,14.893792881668725
2026-05-06 12:12:00,48.87957111329035,89.1813532979535,67.00649205204621,0.44433095011126855,28.84855847742272,14.308844090009643
2026-05-06 12:12:30,50.58946545893785,93.57994091826846,70.27928604880721,0.49944480247349693,32.748027286616704,23.17740021085765
2026-05-06 12:13:00,55.16679017175036,97.15836841288612,61.121504535659255,0.5906374881972106,27.52186679450152,16.979116985655267
2026-05-06 12:13:30,47.97337799709269,94.12508821659351,67.82271663723786,0.47735241548227814,26.528371458244315,13.545142490235376
2026-05-06 12:14:00,48.47025915047882,93.25225912063195,66.78522088422058,0.3236634484326852,24.969726824879146,19.982461514969618
2026-05-06 12:14:30,53.91506599983021,91.83356100518127,69.509284925151,0.5912650248753913,22.39692662783908,15.314679167987293
2026-05-06 12:15:00,51.29641460880191,83.70277579855633,74.96126897427507,0.6,25.438587601918794,11.113454979958657
2026-05-06 12:15:30,44.201560705682176,91.52972906187014,70.12262655227904,0.5028676121483808,32.66555496845137,14.55984132876037
2026-05-06 12:16:00,53.40861623023197,80.34843973401811,66.0843904364399,0.2896225627073724,28.34235267224237,13.681441899072558
2026-05-06 12:16:30,47.04689514023507,92.0170193597125,66.74682409133385,0.4590397639410865,29.629032473540274,14.177434923070196
2026-05-06 12:17:00,47.7899789268711,89.57322959816217,65.08090850729701,0.2947621447127712,27.032093443060617,15.932033455900847
2026-05-06 12:17:30,52.23626026867268,85.27349251770657,64.5425997215075,0.28138702492272455,29.21596798462324,19.758501362617853
2026-05-06 12:18:00,52.87462728298744,101.94087717745758,75.067877956045,0.4428456655548589,24.532704868026162,13.71598701438208
2026-05-06 12:18:30,48.71983688575234,78.79770074965073,74.81321797963456,0.4126567085525039,26.506169163232496,14.599607188468857
2026-05-06 12:19:00,47.62627850248731,97.0883167827094,72.62432327897558,0.3405231764339294,29.23461857046018,20.622425759436894
2026-05-06 12:19:30,47.96078205704428,94.02493747216016,67.25087661544205,0.25,27.7111540565541,15.291854066858262
2026-05-06 12:20:00,48.12906916012175,89.64125139936966,69.09071467147427,0.6,24.65263207043445,21.04609275605664
2026-05-06 12:20:30,49.627577003663184,89.12098120967518,71.3277321292649,0.25,33.20403264551524,16.631309575691454
2026-05-06 12:21:00,41.91079750488147,99.70012981606288,65.73792424802905,0.386222389741111,27.287817702814948,18.36671612862347
2026-05-06 12:21:30,48.52261332923778,95.27990555163204,68.59016898749735,0.49055888956780275,21.693225602571303,19.12971863255038
2026-05-06 12:22:00,49.69937215882135,88.06421126362355,66.82501609793745,0.3314281630972691,30.361529779145968,11.431532604856942
2026-05-06 12:22:30,51.47810430336918,97.1150335087839,70.82111176386465,0.49127939112870583,27.580805810408368,17.339073445305544
2026-05-06 12:23:00,50.00956806567812,91.04436004670907,75.46619724507138,0.42842326247212403,30.17050592619452,11.427177207878728
2026-05-06 12:23:30,56.04723346670628,88.61391881026563,69.32434371345438,0.35084615860663504,28.669980488755108,16.352671466421604
2026-05-06 12:24:00,52.79411835253257,96.26875650032332,67.51272000001289,0.5389214008935594,26.183458971634185,17.18447806342461
2026-05-06 12:24:30,48.804119139225506,98.07512083822624,68.15919795815664,0.25,29.045928682958227,22.124567369606012
2026-05-06 12:25:00,47.3951658386833,94.4843006201761,63.15713102720629,0.26793968497768644,31.297696056871942,15.66885152854416
2026-05-06 12:25:30,46.74183908600701,89.24397523638221,69.69884248877494,0.25,28.56307437054577,12.562839388530083
2026-05-06 12:26:00,46.53231183054391,92.84824873214146,71.24662593985835,0.6,23.184345459523886,18.94677202394839
2026-05-06 12:26:30,48.56215539792587,90.89030645454785,77.1218052491659,0.6,23.71955271699438,11.418045207923408
2026-05-06 12:27:00,50.326090068617496,81.23362191743297,68.60010743463558,0.4881883168861143,24.769880586582918,17.11343906656433
2026-05-06 12:27:30,52.9321040616887,90.9118236925846,69.05640345616297,0.25,25.36455989987591,19.073101150899554
2026-05-06 12:28:00,46.985651585680394,86.76499113416739,71.4764768999281,0.25,25.621737246293804,20.563369487436415
2026-05-06 12:28:30,48.554157401176944,90.16320635613623,70.8963718804272,0.5031701048379574,29.796957946918006,11.254024320688803
2026-05-06 12:29:00,49.6084451073711,91.61818607374575,70.16760245781182,0.4439901229818408,27.336463338159614,16.054304193268457
2026-05-06 12:29:30,51.253004578799114,89.3819793019871,70.95443695892203,0.49269832944545056,24.857447796422107,15.342948156442345
2026-05-06 12:30:00,49.72424569240053,94.80425341286795,69.72120299279987,0.5426204781604202,25.67762260891282,17.23264327362719
2026-05-06 12:30:30,45.673542046787226,89.87390780084215,75.93037267516073,0.25,26.46576989427361,12.816688876423413
2026-05-06 12:31:00,52.54846674306188,94.79511680822712,63.19184332138455,0.25,23.986046605722855,14.666948915116846
2026-05-06 12:31:30,49.35975400865258,87.81699780968651,63.084551512477475,0.5793846346579172,20.259024696626835,11.403681690616978
2026-05-06 12:32:00,53.13020066830014,88.86256445238962,70.27856358488339,0.25,27.878805747543325,13.23475764321543
2026-05-06 12:32:30,48.13090635345895,98.92902604031184,68.45324171328446,0.6,23.050757685571142,21.651131894350577
2026-05-06 12:33:00,47.50299737830827,86.13415072003056,73.93656717340367,0.6,24.708748731178098,13.775524957120167
2026-05-06 12:33:30,52.46356733798861,93.13580000869297,67.8071072066313,0.36008700597080645,26.240708207519482,15.23847428198996
2026-05-06 12:34:00,56.90660071606784,88.05802541683394,73.00991905981819,0.6,25.93584884787064,14.683395209908692
2026-05-06 12:34:30,49.45868363422287,84.61565907890402,59.06095449929599,0.6,27.598698145382727,13.868047858888028
2026-05-06 12:35:00,48.560408350794695,97.46094270175928,65.05419486766048,0.25,27.85913043987866,14.32521300306584
2026-05-06 12:35:30,45.44059285849522,94.48448240351341,65.84180458912607,0.34606954555842856,28.257403217032774,14.78306778469861
2026-05-06 12:36:00,50.69263442752343,99.78707841980955,69.60742722136486,0.25,26.51291025052465,21.857133428054095
2026-05-06 12:36:30,54.436615231156075,102.96226322850475,72.54188807424782,0.25,27.390603469417968,14.430932605969682
2026-05-06 12:37:00,52.103667147489425,87.5279131294061,73.47408151580308,0.5867112436423508,28.010990947287873,13.392774328899455
2026-05-06 12:37:30,52.87135678084186,95.40085930047489,72.00654070190996,0.25,26.34031381837108,18.50592515914341
2026-05-06 12:38:00,50.20986926164307,99.270274406676,66.76482085770355,0.3845779874580215,28.054991312171403,15.753003886466468
2026-05-06 12:38:30,52.50242228641373,93.8741913985075,71.96660827063583,0.5247037763471899,29.111632797874588,11.548257255083485
2026-05-06 12:39:00,52.97703970134761,92.09718137417494,68.74968336425769,0.25,29.318728048495526,16.624693957577048
2026-05-06 12:39:30,50.02674925166855,103.00258902995958,68.58520189799626,0.6,31.294410699077677,15.155931595515902
2026-05-06 12:40:00,50.17544001058589,86.70723174824779,73.75075997327322,0.25,27.943089654209746,14.42519368323915
2026-05-06 12:40:30,48.79530705563912,93.53968249084313,72.63136519406878,0.25,26.800374112232518,17.31820182770654
2026-05-06 12:41:00,53.32486005343951,91.82171001574454,70.80480281491603,0.6,31.430875048648407,13.938723300957292
2026-05-06 12:41:30,54.7101616729054,90.18041644169783,66.73991678150048,0.6,27.535242257366566,13.989753259515048
2026-05-06 12:42:00,52.072043605915866,75.75014382856224,62.594205231759894,0.5246151839420741,29.296669252089682,16.010717671975748
2026-05-06 12:42:30,48.3287960122777,87.92777173679069,61.330625293022536,0.6,28.77062220267408,11.533733267753792
2026-05-06 12:43:00,50.0450324785227,99.81923281161745,70.32147601910354,0.42220880767732566,23.509694335258786,15.810115610640857
2026-05-06 12:43:30,52.12840075307922,89.29843323021382,67.23423863369857,0.5875665737717317,25.063409024863045,11.568219221586402
2026-05-06 12:44:00,48.93886130286116,87.57293423049627,66.89763106620869,0.6,27.910958962445253,18.56346588081057
2026-05-06 12:44:30,50.60209569061725,96.59625497976451,67.19609140857432,0.3002216936204432,26.761252702786532,8.615247836084052
2026-05-06 12:45:00,52.297217881030406,95.60738001668778,74.31857341372863,0.25,24.384231077524365,13.904568179969294
2026-05-06 12:45:30,54.336530556643005,98.41101329600195,72.85369688567482,0.25,25.822302256545395,7.901367752674
2026-05-06 12:46:00,46.939937002187655,91.23039903204655,70.14990592984503,0.5269717951920418,26.912412585504565,20.859808980993588
2026-05-06 12:46:30,45.46857532814515,91.4430975494555,68.55588931836223,0.6,30.512030512042955,15.162671239224853
2026-05-06 12:47:00,46.87359402248503,100.95188349353525,68.09081863229314,0.25,26.084535908191484,15.765372531879123
2026-05-06 12:47:30,48.004224329650626,87.18410303641782,68.71722490726826,0.4203595959515872,28.918194223278093,14.718441752684008
2026-05-06 12:48:00,51.07059649022118,92.06633925335967,74.17923396470596,0.4816573662193799,26.75203036337491,21.277429377800622
2026-05-06 12:48:30,48.16101837857678,90.5628873495049,73.23633743210435,0.46925497941441585,28.943154096735512,13.868266356962867
2026-05-06 12:49:00,52.01591705987277,99.54378718400297,74.47573472136163,0.5208749404471377,28.665046816821377,14.292671309473606
2026-05-06 12:49:30,49.63927075818194,90.33816983197929,73.14516767138707,0.2895777510430694,24.786659085590376,16.65512776887867
2026-05-06 12:50:00,45.35563663839069,95.52497848104841,71.01264080022796,0.25,25.045468159307912,12.571519457774933
2026-05-06 12:50:30,49.12037273441677,95.84075301232293,67.64453157661212,0.6,28.078075575163062,15.277692665938496
2026-05-06 12:51:00,53.37509545341733,100.58710351777584,71.52274459133278,0.25,29.353566427836917,15.582561492927171
2026-05-06 12:51:30,47.90410915330003,88.16904562457141,68.4824799366272,0.5143745917880707,28.602721637507976,18.627583917170462
2026-05-06 12:52:00,49.03488636002098,93.00202253780415,72.5236953927841,0.5100433331552884,27.36029255499064,17.440177389492405
2026-05-06 12:52:30,49.1297795949384,99.1011045493831,69.07243672255984,0.41309724457984126,26.678597131185064,15.529846550876652
2026-05-06 12:53:00,54.08308891951468,92.6098537286564,68.16895161129011,0.6,28.116974373668697,12.071467031760935
2026-05-06 12:53:30,47.25949560451563,91.1563565934461,69.83754699492701,0.5346245292733147,30.94170021907756,14.52491430063848
2026-05-06 12:54:00,48.353200085975395,84.80941556032184,73.21353727831936,0.31504751908604284,27.186138482387364,19.71077054810182
2026-05-06 12:54:30,54.09656291901633,95.03415501503332,69.13597632737648,0.4248769886300804,29.133214462878744,13.661736767294311
2026-05-06 12:55:00,47.85622608718369,93.76106680934792,71.65237897175746,0.25,25.726756787540214,16.209379860037618
2026-05-06 12:55:30,50.34747646405958,87.65273187062647,65.35523384188349,0.6,24.53282211486074,16.05790033041686
2026-05-06 12:56:00,47.24219051034497,88.70721818729673,64.18675395713447,0.28238108614557883,27.029874348214275,19.808667443402157
2026-05-06 12:56:30,45.79822444701066,89.6235622097771,76.70244850890798,0.25,26.31580167487326,20.15145696648117
2026-05-06 12:57:00,47.78820083452289,93.61171947762166,66.91786352790305,0.6,27.51003761662549,15.014343625802605
2026-05-06 12:57:30,48.26019834004874,94.83041532090458,67.735174225474,0.25,28.58083347955337,13.48167368691355
2026-05-06 12:58:00,51.424457020443676,90.8968996628961,73.40420064538483,0.269698967689577,27.60858550375413,18.26718782022368
2026-05-06 12:58:30,55.81998593835263,88.25554525500559,67.23618174527525,0.25,24.96439657252057,12.210659457731168
2026-05-06 12:59:00,55.064746768577095,90.52412306335223,72.0872583080827,0.25,28.150355860881422,10.423646470755997
2026-05-06 12:59:30,50.27160231978344,94.8236279274731,67.43561613553196,0.3774066328842968,28.064388353951642,14.786258058038246
2026-05-06 13:00:00,48.44285988153994,95.45316930177707,67.85113734709597,0.25,28.257360266897894,13.741566670125309
2026-05-06 13:00:30,50.21397536191985,90.82715710403806,74.47543257293246,0.6,28.5537615919973,18.543999107715567
2026-05-06 13:01:00,49.385720395508216,90.36051467763059,73.8182454609764,0.25,29.929938141142124,17.49916338059421
2026-05-06 13:01:30,49.95052144670921,89.19582764172883,70.66046806079065,0.6,30.88483892094778,16.201889145001125
2026-05-06 13:02:00,49.07149956086833,105.6697190351457,68.23566878880452,0.3280149659462497,29.3006884753466,11.899437466045443
2026-05-06 13:02:30,53.26041521223135,93.3722233946065,74.358576996325,0.25,22.40695355131832,17.06802161075227
2026-05-06 13:03:00,51.74990905268151,87.52953275279326,72.50926541370389,0.6,24.594691597436967,11.472582902963897
2026-05-06 13:03:30,55.02348662971107,98.84910708333803,67.91003735422883,0.6,28.600654188361815,13.740055369993328
2026-05-06 13:04:00,51.81745920719392,87.0151814721313,70.55442830726989,0.25,32.95257671170186,14.569359717645401
2026-05-06 13:04:30,48.845337391256436,90.16878701761932,70.03982238898877,0.6,26.174553832402545,12.140095078060046
2026-05-06 13:05:00,49.25477552908432,90.75393257181568,73.34142078171726,0.6,26.051109522280505,13.635763414573109
2026-05-06 13:05:30,55.08491314433842,96.35575992307243,66.03893484502555,0.25,26.50173928827265,19.79905906960691
2026-05-06 13:06:00,53.71580222153095,93.33309985855645,73.45962325050199,0.4575402447638155,22.896137737491735,15.706894197541681
2026-05-06 13:06:30,54.51751009475264,100.28208439596918,65.82329640059281,0.25,28.812841192029158,10.902943485718788
2026-05-06 13:07:00,52.10166535602782,102.34403191422831,68.58161353592178,0.6,25.21721294285121,14.436886735423167
2026-05-06 13:07:30,46.22931345605515,96.57505236153652,72.64133851864239,0.4696105199651037,30.226704914513377,16.08624048401402
2026-05-06 13:08:00,49.710455922343876,85.45860880326097,69.1509735621927,0.6,27.11880785884983,14.715118985262933
2026-05-06 13:08:30,41.22165498200518,90.48908876465407,70.3114741734083,0.4068069196021107,29.769820114156836,16.68193144552676
2026-05-06 13:09:00,52.66718753992784,93.06117011169306,63.56870769894891,0.6,26.995098254576515,17.112911317271262
2026-05-06 13:09:30,48.857636425862694,90.36850605371448,73.29489943354882,0.3190594612145061,24.08541119974077,14.632873911609861
2026-05-06 13:10:00,49.77715862160721,93.75475851591018,66.41623304750563,0.25,25.67429833413937,13.812139763418777
2026-05-06 13:10:30,50.42724606088587,93.47762640856365,73.78464008971554,0.6,28.556174563230655,17.82179485632326
2026-05-06 13:11:00,52.80526485687326,82.79091749787543,74.60848205132007,0.6,30.352959168152925,16.037171999159746
2026-05-06 13:11:30,46.871064715942126,79.09896917638326,72.62047160987682,0.3374314542214227,25.96366103435912,13.020928070635186
2026-05-06 13:12:00,50.09732530587107,92.76038382428568,69.06331131486705,0.4654022315338014,32.72186866586512,14.480714443162164
2026-05-06 13:12:30,48.71378735779718,96.79059237637344,67.06224632317281,0.25,27.238195844873673,17.055283686341824
2026-05-06 13:13:00,49.47434082181585,89.86747289089737,73.08590450982621,0.25,30.477022635129586,14.140872149045743
2026-05-06 13:13:30,47.88865441065949,89.76384052924527,78.62807843873775,0.6,28.75119642962175,9.094608802408224
2026-05-06 13:14:00,49.33824529844948,93.62250666800627,67.8492082232224,0.3198324903744026,30.996296656863414,16.502735912708967
2026-05-06 13:14:30,53.43195320938424,86.24563269177573,68.03118826749039,0.6,27.722955095465462,16.4964815178845
2026-05-06 13:15:00,53.801228220792176,91.85432152790075,67.51188431776258,0.4672324847604562,27.3733678995498,17.090678915013623
2026-05-06 13:15:30,48.2605419076939,94.33751538851868,61.9330585354232,0.3432886604072976,32.67644512891891,20.746810365024366
2026-05-06 13:16:00,47.46031832724109,90.36142825495017,67.77640841757716,0.39485887275896786,26.617288789742393,13.30613001853918
2026-05-06 13:16:30,47.41605588399671,85.69467697740049,71.37482012367782,0.39865122701024464,28.487549058363278,11.934528516680704
2026-05-06 13:17:00,47.32793706160654,93.99470263156978,69.84143056510904,0.25,26.571397345269016,13.121645025894688
2026-05-06 13:17:30,55.82711421608395,93.23426819981597,68.20600844948936,0.25,26.576158348315563,14.96776676677876
2026-05-06 13:18:00,49.89817672943652,97.59595804334025,67.32513211212223,0.25,23.19796527453684,12.383472135239705
2026-05-06 13:18:30,48.7598282983822,91.02464427517168,75.01246754895632,0.6,29.278427671848867,17.435648907781875
2026-05-06 13:19:00,45.92097195037882,94.35967407366162,65.98206896392625,0.6,24.45733358166087,14.645872542268657
2026-05-06 13:19:30,51.63575941339597,105.6697190351457,73.9105890061118,0.2822799016224677,25.45825628553452,14.055713708177079
2026-05-06 13:20:00,51.743742088187,84.62961179557142,72.93077040830468,0.39762379789198,28.596972345124477,14.1278421494922
2026-05-06 13:20:30,50.943176576377056,90.8298645964454,75.15351717140253,0.6,29.040134300305695,19.512124558567947
2026-05-06 13:21:00,46.225584140526614,87.52048500874491,68.64055133161295,0.4496568855127039,31.554320030663682,18.011496749571872
2026-05-06 13:21:30,50.29517942526965,93.69849954642129,71.3472903084271,0.25,28.819538535010636,13.414008796430824
2026-05-06 13:22:00,49.85316573162163,93.63717465338408,68.25990196508069,0.25,29.0276560070648,18.801780311412454
2026-05-06 13:22:30,49.36378158856588,89.98168961696167,75.29606633816348,0.25,25.838068320484705,12.31994178419776
2026-05-06 13:23:00,50.362778597830804,93.960561036843,63.1594685256412,0.25,24.977710360841257,16.473023684319283
2026-05-06 13:23:30,51.609234451357324,105.6697190351457,70.26084292195434,0.4699430752277992,23.317115286818495,17.416210836884172
2026-05-06 13:24:00,45.66258653825801,88.02969531456829,74.46326065812536,0.6,24.72378633299838,13.659740556672423
2026-05-06 13:24:30,48.77507401261797,86.62748336403683,69.21808556674986,0.6,31.985328453924495,12.14704408788536
2026-05-06 13:25:00,53.33700883688145,87.52989653200737,78.62807843873775,0.25,26.55737838650106,14.81937488601235
2026-05-06 13:25:30,53.79568028194963,88.27129959534362,74.2404907257591,0.6,28.245133215681754,18.50813539074803
2026-05-06 13:26:00,46.77472668918185,87.36244786852677,66.71325126833533,0.37838843028634994,25.69028446601385,6.4605731107123106
2026-05-06 13:26:30,51.74063527995724,99.87249254061734,69.82078802463484,0.2840053675164906,30.413146047392488,17.126553762467754
2026-05-06 13:27:00,51.576317832944625,97.09717336239677,67.29267169627298,0.292889530772915,27.468375267151327,8.060362970915653
2026-05-06 13:27:30,48.11283732301732,93.41477924758601,66.44160378873966,0.25,28.506387958593855,9.589599890433
2026-05-06 13:28:00,52.70473817918719,90.26319048339319,69.13541883054516,0.6,29.916428505427337,18.071858287106327
2026-05-06 13:28:30,49.12256873081785,104.09022240080193,66.48304267894089,0.25,24.117537063364093,9.840426563695612
2026-05-06 13:29:00,52.25796090418175,86.16136783285359,63.96138048907465,0.5688786089498478,29.438319287807744,9.814218117094825
2026-05-06 13:29:30,53.796344068354585,94.95789797318152,74.41887781215061,0.25,25.52053357483698,15.323363015135639
2026-05-06 13:30:00,53.54136724535824,96.16268861914871,72.53614771482447,0.6,27.78287218812553,13.01084434472603
2026-05-06 13:30:30,51.570014470264226,81.08633067360728,72.06759621575868,0.6,27.050163588729635,20.067913666295944
2026-05-06 13:31:00,49.94829197172391,96.02684591572542,68.1822024512993,0.33756324466304194,30.810997426218705,15.210393261096568
2026-05-06 13:31:30,52.634001635668895,93.0574282482137,66.72169634387612,0.4526747771453955,27.959498914586494,15.986786888652098
2026-05-06 13:32:00,48.5700709644339,93.25202874483863,74.53157200877463,0.6,29.14061234777231,18.155316978324713
2026-05-06 13:32:30,51.757494050001974,94.49126146023409,70.41663108366298,0.6,24.870492264357708,15.998378264384952
2026-05-06 13:33:00,51.387173627119694,98.51514639966028,77.47956649323692,0.5649989927761017,30.70252895393583,15.731281344807677
2026-05-06 13:33:30,52.45137995488219,90.07131505144575,73.58072616569943,0.44033869909666923,20.315252364737958,20.00320944902706
2026-05-06 13:34:00,51.28938827410334,93.43494144930995,73.81004351727056,0.40441219852835836,26.53648390220414,16.508142701771828
2026-05-06 13:34:30,54.74140312574585,87.78439093543213,68.74063311861974,0.6,22.32378870533825,15.0876470063417
2026-05-06 13:35:00,54.57004622131925,94.49406016689126,73.01320742901544,0.25,26.678339587470088,14.279769063391647
2026-05-06 13:35:30,48.06302458654238,100.69107284973552,67.31083431811892,0.6,26.775656167004108,14.017866077085586
2026-05-06 13:36:00,47.24200955670336,90.32504406728206,75.64253017407911,0.518775082361487,28.86342748039303,9.786741628242224
2026-05-06 13:36:30,52.154892958155905,90.19636293454504,70.05795891090031,0.6,30.668629934280876,16.377468288660275
2026-05-06 13:37:00,46.66265456844463,97.7004195352165,69.11437804993741,0.25,31.698443872936473,9.147013936153323
2026-05-06 13:37:30,51.40094352382958,94.20457730190203,75.1662048359389,0.25,20.873418915728227,19.538486686033817
2026-05-06 13:38:00,51.43342152354186,85.4964072525467,65.19614647788336,0.6,26.366338295543358,7.1457825292828065
2026-05-06 13:38:30,42.594374460299115,105.6697190351457,70.4479596386238,0.3025484943049296,27.65327860727688,18.282814028808236
2026-05-06 13:39:00,49.89232832056869,94.26419001851889,68.22094650594532,0.5427657810838635,28.877068226354332,17.604996588744978
2026-05-06 13:39:30,47.17293895184308,89.40905279885175,76.15582859781411,0.25543474740824235,30.927076835024305,12.872173423733678
2026-05-06 13:40:00,49.92767909740792,87.30819263465965,67.18533896220578,0.4908960188867736,29.34145315561809,19.529851582553334
2026-05-06 13:40:30,52.89151024200905,98.4783461350449,67.7763464429829,0.25,24.49781277028422,10.71122958234573
2026-05-06 13:41:00,50.58551416116395,95.75555582348684,72.50185620424047,0.2721058962937538,24.120963641523424,13.433435718635483
2026-05-06 13:41:30,49.74483325800676,88.75982004190607,67.61170344143088,0.4466619386401916,25.567434782451006,11.188495815817276
2026-05-06 13:42:00,52.14001521375166,97.78955171453802,70.86836210236127,0.25,27.522817129400412,14.788191130775823
2026-05-06 13:42:30,50.442002615232674,87.26315014176366,70.79166054195136,0.25,25.355948915577642,11.108489844354661
2026-05-06 13:43:00,50.53788535755349,94.05127827954574,63.452332899981684,0.285555990713929,28.196623616060037,8.582599894649697
2026-05-06 13:43:30,48.312190896016595,91.46734332449279,65.90167644633479,0.25,27.954115282100677,16.201668345131868
2026-05-06 13:44:00,48.413197979427196,93.76738642980415,72.24205190604215,0.25313989162382894,29.959590200309982,15.395951678422103
2026-05-06 13:44:30,52.38696697198576,86.70021248802416,69.26348684658474,0.25,26.96976267475604,15.136445316777095
2026-05-06 13:45:00,50.86324889617828,94.53785781650055,76.33861110284884,0.25,30.502357956576454,11.494389305695528
2026-05-06 13:45:30,45.92790476814882,92.20663759942076,68.5747233290617,0.25,30.13171776741368,17.4649566329045
2026-05-06 13:46:00,54.25968705886423,101.38646605496041,62.82469981424073,0.47260819286086664,27.147483773175924,19.10935663372732
2026-05-06 13:46:30,52.28503085420412,86.5656229473672,61.9602166798658,0.3271913341780493,27.136266526565013,21.679172324023263
2026-05-06 13:47:00,49.7111239697944,88.33347303118752,65.00282266330468,0.6,27.51797506907071,16.897009433110455
2026-05-06 13:47:30,49.491753756681284,95.87492200789245,68.5967206372967,0.43613292208123255,26.653633105576834,17.01621339507318
2026-05-06 13:48:00,51.893499726709294,96.06037095927127,67.46694820626438,0.5656281161770335,23.570422363843146,13.959220710514998
2026-05-06 13:48:30,54.372491042414175,89.95815262169752,69.14389923436694,0.2611636710034594,30.64523269053507,14.789924213269583
2026-05-06 13:49:00,45.8906138494163,84.48411277164038,68.96214514467499,0.4176144180947683,28.400119114275764,10.953712044146787
2026-05-06 13:49:30,48.91057004858634,100.09644618366913,70.42682514733615,0.4243021004891439,30.27663371430104,13.54346809020718
2026-05-06 13:50:00,46.92867811592946,85.0704846754338,72.59446563667184,0.6,24.589577139360557,18.857830750510164
2026-05-06 13:50:30,46.044957975541465,82.16298754623332,69.03680792299735,0.25,28.052407205257538,15.832928443746729
2026-05-06 13:51:00,52.01234059229547,84.87332541091652,72.38572988626251,0.3204012176576652,29.267618982184633,17.538703426604137
2026-05-06 13:51:30,50.78471414846498,92.71701978724887,71.67884977613583,0.349768176179711,27.666930201840305,17.77746052084961
2026-05-06 13:52:00,52.70339783221655,94.91753430251156,65.11710151346165,0.3471082513705611,26.504843682239272,23.17740021085765
2026-05-06 13:52:30,48.500052424745604,88.74023626347362,71.16212322175858,0.5300259034105843,26.499975156621886,13.53652116053779
2026-05-06 13:53:00,50.52910643224423,88.87859919170229,58.84180524588096,0.6,28.27769868615747,18.408664290223125
2026-05-06 13:53:30,50.92675225701967,94.91719657702771,73.13335196753219,0.25,26.654761919034332,15.922593213037223
2026-05-06 13:54:00,50.29000639938262,88.24616049305344,67.2174490580819,0.25,23.733750181839653,16.438451782083213
2026-05-06 13:54:30,53.43865633011426,94.76843977592907,67.9963052543156,0.445100267924395,27.12138109082432,17.178361000061223
2026-05-06 13:55:00,50.29367623461634,94.69494281668088,70.65081830444939,0.25,31.632951187993243,12.25544835774982
2026-05-06 13:55:30,51.184332146981276,103.29337987782263,72.39165354399653,0.25,27.972515708998365,16.354452002953604
2026-05-06 13:56:00,51.51053457757009,97.75562717434974,70.3566658563583,0.25,26.78215262694099,13.969008506795685
2026-05-06 13:56:30,54.0258380266945,91.25168373456493,72.11571921018091,0.6,25.486318859019853,8.287758937439484
2026-05-06 13:57:00,51.920211932920594,86.91378195671733,75.78401895277884,0.25,31.69327208910575,17.406221916684842
2026-05-06 13:57:30,50.331798240471,89.4615407325271,69.38349806658198,0.25,30.727766033142466,13.160605151121384
2026-05-06 13:58:00,46.30040440095228,99.86581446533167,72.45566812720595,0.25,23.441609558241005,14.297777551080348
2026-05-06 13:58:30,51.93911976745178,85.07407586708094,67.2140215048208,0.6,25.593973190571013,12.87227297131916
2026-05-06 13:59:00,50.31978212903076,84.18485547732617,69.6228444608262,0.26490654705858835,29.687023008452876,16.881865133821446
2026-05-06 13:59:30,50.226653728406404,94.58522509509031,68.24379901639874,0.6,29.06651903062077,12.298964770897365
2026-05-06 14:00:00,43.90526764467975,89.96136385636764,64.71788153656114,0.6,29.036323290183194,13.689484621517595
2026-05-06 14:00:30,49.58269929866335,88.62374651822299,70.5978971072503,0.25,28.334197677640258,13.590783647488493
2026-05-06 14:01:00,50.825642753773565,90.44177768800257,67.31009073737617,0.25,25.981180058116816,13.21004787519556
2026-05-06 14:01:30,51.610892852490906,99.99703548587678,68.66557704126829,0.3794202059931477,26.839507159323972,18.696877635131592
2026-05-06 14:02:00,52.75836864919009,90.32020792873224,63.508410685263165,0.5093471840346901,31.4348308185579,16.07395431321911
2026-05-06 14:02:30,48.14092284530374,93.88538480952256,71.52209253103825,0.6,32.7112988579662,16.641696352077286
2026-05-06 14:03:00,50.49932086483965,92.30876740020184,67.43371901808192,0.25,25.007398950912417,21.080674812714697
2026-05-06 14:03:30,50.14125705046474,96.56364859408974,71.00729564665728,0.3017906334691862,32.015270965109195,8.451245929210785
2026-05-06 14:04:00,50.101882930186804,86.0221380141953,68.82342513181074,0.25,24.72782963970927,12.448359373031217
2026-05-06 14:04:30,50.93171961875832,84.22126969105074,76.81496842374108,0.5697697329497688,25.00153367198413,18.37448055688815
2026-05-06 14:05:00,51.39497205373648,97.3963157646543,73.86110557324311,0.5134938523182166,32.34711644483926,16.30027735464389
2026-05-06 14:05:30,48.84177109693201,86.06056510641586,72.28339818480931,0.6,26.39709958610326,16.807193533023803
2026-05-06 14:06:00,52.9595947416382,93.55749702590741,68.0013747529005,0.2675330007407142,32.072820347171756,16.21143815300919
2026-05-06 14:06:30,51.720569785723505,91.03274297102169,71.3930699981705,0.25,27.111877955372638,17.519108950608512
2026-05-06 14:07:00,46.33455689656781,90.7298956560209,78.62807843873775,0.4797361159927358,25.456053231802116,15.541133580043418
2026-05-06 14:07:30,55.301602738909644,89.24364944933899,78.60528183252168,0.42743050031918456,27.57157270373359,14.667968257604802
2026-05-06 14:08:00,50.62662217394356,86.75393019794093,66.12841886145604,0.46479866545022885,26.639454922388673,17.185311666430703
2026-05-06 14:08:30,51.29457378821294,97.5401660179397,72.09437778513326,0.25,26.962854614026924,14.334741902409343
2026-05-06 14:09:00,49.94937457822755,96.58336311406674,73.17506391597932,0.6,29.298774355078045,13.515695762893749
2026-05-06 14:09:30,52.70814057486145,84.03360467218945,68.2688400800605,0.25,23.072833726113565,16.45349123164291
2026-05-06 14:10:00,52.02796677899705,88.71027376418338,63.57086712637613,0.56769266712661,22.588924774222924,17.207131673579156
2026-05-06 14:10:30,46.60377751860314,90.22398181464108,65.07026243613956,0.5029673891628546,26.26563596526007,16.917069065469335
2026-05-06 14:11:00,51.59578041686026,100.7324093799765,72.99820363736474,0.25,26.742434843279433,18.88193158827217
2026-05-06 14:11:30,46.83681035084127,87.7709406735343,68.48038641198126,0.3070752591233456,26.421576500193332,17.86119158390241
2026-05-06 14:12:00,48.10847102426122,86.29483215076793,63.74992019267185,0.25,25.90663698895406,20.680833551063664
2026-05-06 14:12:30,52.944645158043,89.60458917016358,68.98384454421766,0.3383968312847321,26.795438502190603,20.865729426750413
2026-05-06 14:13:00,51.74937787385744,105.2650918399884,70.34950285124435,0.25,21.195363183353457,17.835422197771237
2026-05-06 14:13:30,48.13009010589525,90.99179373384717,67.31116351199337,0.6,24.545271617575473,18.623436181966884
2026-05-06 14:14:00,49.936384971719846,93.4227293756406,69.89852261743212,0.6,28.160801715484396,13.193729139662201
2026-05-06 14:14:30,50.751487848849436,96.81389622881993,69.73227181395,0.26202245930246526,27.47863317773416,15.68026199054707
2026-05-06 14:15:00,48.232565806721254,82.12642142879835,67.00204434789573,0.6,26.526307703924097,14.45407240202276
2026-05-06 14:15:30,51.33216248131175,94.34573432801207,66.6102011232386,0.44645837497806895,25.005947695640824,10.856110844774056
2026-05-06 14:16:00,53.134246855948376,96.22981244938121,68.2649000008953,0.3000583173524872,29.755776016350044,13.679486437354116
2026-05-06 14:16:30,52.51943071875523,103.53928912421392,70.39736793671486,0.2943638366023306,28.096235321676286,15.451270900187447
2026-05-06 14:17:00,47.51245000471689,94.22887319567967,67.31823989044389,0.44647707058226616,27.89690826448008,18.94732672322809
2026-05-06 14:17:30,47.03958623712311,98.12185395142242,71.64270037575234,0.25,30.49455658736916,16.431870890498686
2026-05-06 14:18:00,49.04216403315122,92.99343143682941,65.07820664574508,0.6,29.219535415800962,17.427023150382148
2026-05-06 14:18:30,53.99802400495174,91.9245483021049,70.08089602913284,0.6,27.36531733798181,15.930782898474039
2026-05-06 14:19:00,51.550341765016384,91.76740687494713,69.34950813083275,0.25,23.124571298219703,10.95201256444555
2026-05-06 14:19:30,48.759785172771544,83.06490790402113,71.47096333951794,0.26287957577168164,25.72679785574422,17.77341826497477
2026-05-06 14:20:00,52.23067838013369,92.87972738114053,61.559254000794866,0.25,25.20551269570362,12.498637832948278
2026-05-06 14:20:30,44.615853859411615,87.10022956317587,64.62866739557039,0.25,28.803153729134586,15.035590611268368
2026-05-06 14:21:00,50.78924865282466,97.29613410729485,69.31707114598677,0.5421900466342269,27.31287811837517,13.165826803815303
2026-05-06 14:21:30,54.7484941256438,98.39516948190507,76.85591969050394,0.6,30.237925614599952,15.988408255060751
2026-05-06 14:22:00,47.98276432255602,93.88838529942134,67.18743146552305,0.6,29.547518886866268,14.530819379648397
2026-05-06 14:22:30,43.795758320815594,93.3808526406541,74.03476431747544,0.5043165641444106,32.50371772618207,12.744256083986402
2026-05-06 14:23:00,49.5450738753107,93.96801554994376,69.15328969106828,0.28764646710106534,32.24515130329471,14.204832013324902
2026-05-06 14:23:30,50.62866731437394,84.76619650699776,67.7102667414817,0.34627972274306845,27.319975461145482,15.150747242196074
2026-05-06 14:24:00,53.08426208078123,93.84514916836193,64.45527059610951,0.5832369622342195,28.11715310385395,14.552872188507711
2026-05-06 14:24:30,48.29654795809886,91.04531991747147,76.89689284179137,0.5875742388806955,27.247945366178886,18.903561317617786
2026-05-06 14:25:00,54.60652588008957,100.78086613415607,69.07137234686418,0.6,30.8119408739286,13.082206992735578
2026-05-06 14:25:30,53.8453886226808,94.26538285030061,70.34654090225432,0.2614336941526171,26.614749703781218,18.912252967083056
2026-05-06 14:26:00,49.17376112692351,92.82708148500474,72.4693465322264,0.6,25.541318752082514,13.095658530222956
2026-05-06 14:26:30,52.85666174443252,88.40928527353468,67.10404265581953,0.35165667992591876,31.816087342440508,22.09399314361046
2026-05-06 14:27:00,49.39462772360754,95.41455449824943,60.407602785417325,0.25,27.09490008208253,17.558542792082953
2026-05-06 14:27:30,51.250615229115795,85.6334510857793,69.39585683595148,0.3722489906662695,27.380373946327214,7.918080744977268
2026-05-06 14:28:00,52.495469615342884,98.20335531381224,71.44670879051094,0.25,28.72914691993942,12.203271942209547
2026-05-06 14:28:30,47.78045558964914,94.18952030275923,63.636537605034725,0.6,27.16962251201953,14.555064348983507
2026-05-06 14:29:00,51.56820836999509,100.33700025462062,74.28811169358609,0.5018976717251895,31.273016526843975,16.591836371685933
2026-05-06 14:29:30,47.21846903796203,87.97269540945815,69.05831862194984,0.25,25.63305905372927,7.531197228105197
2026-05-06 14:30:00,50.718356108966184,81.40010591499099,73.60838612254375,0.25,32.683327526235914,14.183463854306348
2026-05-06 14:30:30,53.5046207055777,85.51161369677433,69.12420057666121,0.6,29.122255773003403,17.054315232685006
2026-05-06 14:31:00,53.59075272601809,90.7988532886585,73.92391873080497,0.25,29.971698757860178,15.404622869904125
2026-05-06 14:31:30,49.229829659683915,98.52758280752765,68.55215798326934,0.31064336498833145,25.026969119313915,14.954656921650612
2026-05-06 14:32:00,50.11317972600426,87.59800195584805,69.14923140390661,0.48885523398037345,28.612737458205803,13.523474096829602
2026-05-06 14:32:30,50.218989734036874,92.706573401708,63.22166956019488,0.25,27.45814441841195,8.00805607185304
2026-05-06 14:33:00,55.12908178738561,83.89290744844985,65.58618089984034,0.25,25.138818351669464,16.06535122040998
2026-05-06 14:33:30,51.050232567659094,85.38358498636546,72.85567870537531,0.39981027858463186,28.28887872193006,11.136673462713599
2026-05-06 14:34:00,47.97081171422815,98.70093175201134,71.64103100029247,0.25,23.651529614141243,19.466248635688316
2026-05-06 14:34:30,49.89346265355083,88.15478372137636,65.8420487575455,0.43860408572542964,25.375114752768116,19.292714727516085
2026-05-06 14:35:00,50.50995538160429,100.52847933446466,76.22530723742904,0.5025878014713101,27.758843550698398,14.839521074476206
2026-05-06 14:35:30,52.41281784575396,99.53564979717035,61.633211497946,0.3171521400293996,24.997587441523073,8.210309619804335
2026-05-06 14:36:00,51.01636852487463,91.50028085922952,72.10496900419875,0.462942375536252,28.26697482869394,18.698371977994483
2026-05-06 14:36:30,55.89859872527854,94.71833685711042,69.38225370091581,0.25,23.09152834201155,15.033426463736236
2026-05-06 14:37:00,45.81544256434762,80.41335697349407,68.0853365390726,0.383039702792463,26.074301628765323,12.49244847996531
2026-05-06 14:37:30,54.15876757558526,94.92958342399122,73.49964283872995,0.25,26.910475284078945,10.979470273217082
2026-05-06 14:38:00,50.62214699956503,84.35724408465452,78.62807843873775,0.6,25.316312193149454,11.78200502929011
2026-05-06 14:38:30,45.831858416242525,96.48261218155835,67.29841435178548,0.25,28.77132000262621,13.619931157876389
2026-05-06 14:39:00,53.97408406462858,86.73619527878192,69.05778378087413,0.3391892670073479,32.01506797925068,16.80955499753542
2026-05-06 14:39:30,47.6609485184855,89.12993566429881,64.30357118503659,0.5917563911011025,25.681728046575763,18.165514210074043
2026-05-06 14:40:00,54.59185022642159,95.55531242219399,69.2959564076954,0.25,25.92482769271929,16.303934168914694
2026-05-06 14:40:30,47.953516207765794,92.10905331954245,70.07360301364295,0.25,29.485452658947604,22.495315031327827
2026-05-06 14:41:00,46.97044213440411,93.04216722392378,78.06189400794824,0.25,28.924510582888736,16.74180631673206
2026-05-06 14:41:30,48.72294835878033,90.44895212516123,72.16855519368085,0.6,26.029324905515985,13.54135517681892
2026-05-06 14:42:00,55.680562760635844,99.72940143137438,69.18415635542897,0.25,28.806731817360973,17.98194827151212
2026-05-06 14:42:30,54.94490047299486,88.03355639425746,73.28393445538654,0.25,27.09767938948832,19.758700080325227
2026-05-06 14:43:00,56.12623877152709,97.1364149514448,68.23812487374285,0.6,31.07381172507181,21.190481494883326
2026-05-06 14:43:30,47.391019755221635,85.335340925542,66.85681043212456,0.47669533046017953,29.7316195062323,9.74063040967176
2026-05-06 14:44:00,44.500093062469965,96.19730425267947,71.97332831757093,0.25,25.458728430498354,14.978973371176135
2026-05-06 14:44:30,53.368072468202655,98.46666371225007,65.3089936896164,0.2940707092556715,31.733331317367128,13.630146787468098
2026-05-06 14:45:00,49.43675171753361,85.42784812538815,71.70865062819848,0.29881530345025575,28.18096751548775,17.040157919484397
2026-05-06 14:45:30,46.60572758333449,86.26469470796077,71.8680610283064,0.25,31.254079770379256,18.097944799286036
2026-05-06 14:46:00,49.403166072836356,98.72913423193343,74.96038530425865,0.25,27.68216055325796,13.547370754784422
2026-05-06 14:46:30,51.26766435902081,98.4723990357234,67.37307295975354,0.25,31.225179219178333,11.62106177573904
2026-05-06 14:47:00,45.67885496796661,95.78035347441497,72.57274199821671,0.3120850861024126,26.15431848302726,16.09160515531513
2026-05-06 14:47:30,54.188397972105754,91.05089810585507,65.21042909844826,0.6,29.374691567907107,17.605919606935725
2026-05-06 14:48:00,47.946630674167146,101.5978664855331,66.32622288540216,0.47947022180141385,26.774920414353193,21.47570667274328
2026-05-06 14:48:30,52.07508328870975,82.66050003854947,63.5668812725231,0.43841313535602033,29.554946763240476,19.7973209983295
2026-05-06 14:49:00,52.664033059286375,97.04849915783598,72.01908934357967,0.49770169861561986,27.171439222937376,17.917069924969237
2026-05-06 14:49:30,51.12336743954561,98.02783092711084,62.93880973252655,0.40649043699324294,26.6387381950244,14.729131653351823
2026-05-06 14:50:00,52.15310229699289,89.23702885006301,68.29797627952277,0.5336994116421051,23.93374826140912,12.601764620978578
2026-05-06 14:50:30,49.27514183943337,94.19433940185768,68.8465264116073,0.3590943850404468,30.98360809521495,12.01064571158727
2026-05-06 14:51:00,51.439858806468756,104.96057219615734,71.91681401991018,0.44943094399685274,31.850548529034718,13.422429142892442
2026-05-06 14:51:30,52.703764371662196,100.29785037871471,70.07033933418943,0.6,27.20346251937882,17.635540383094536
2026-05-06 14:52:00,49.1505915483199,87.81834984288668,78.62807843873775,0.6,28.880142039814004,15.265024919024592
2026-05-06 14:52:30,50.9896438066443,98.07971303240761,66.1448505405359,0.6,27.894382028362894,14.625379842060905
2026-05-06 14:53:00,48.90854631394436,105.46578291524705,74.92324214287952,0.40138344521116504,27.13495353460072,17.22164300983336
2026-05-06 14:53:30,53.00384301363264,101.18258624846617,70.65700958188863,0.25,27.570102623891675,17.876130046220883
2026-05-06 14:54:00,52.61716497245919,90.22641815523896,67.87694905286104,0.25,25.641066983847217,9.945278216638032
2026-05-06 14:54:30,52.82139353118248,100.82542265995616,67.99922942334351,0.42297443444902283,25.64713146334847,15.618012142911878
2026-05-06 14:55:00,50.7351359467789,95.98852278675534,75.4239393142599,0.3605765931139532,27.91549255609957,12.301199284791558
2026-05-06 14:55:30,51.38511295030868,91.91563661847489,71.16777813771606,0.25,28.181736494802912,17.613697806996306
2026-05-06 14:56:00,53.441816563068876,89.46609988918668,70.94072024616003,0.6,28.431895117367166,10.816085531711852
2026-05-06 14:56:30,50.16732116952064,86.05919676149743,64.48120210802017,0.27529135216103817,27.24055969567309,18.482713538368866
2026-05-06 14:57:00,50.40463009674591,80.91632753666653,71.97693009300453,0.25,31.842940398597783,19.034697390892664
2026-05-06 14:57:30,50.37776465454847,84.3559370979057,71.09206199871001,0.40748287682852663,27.95375951861634,10.504578442763211
2026-05-06 14:58:00,47.01586764181103,92.09372428343563,70.49235684055748,0.4877030804719401,25.97519341254165,16.081165408044367
2026-05-06 14:58:30,50.31910069853698,97.48824465297331,69.46101778310953,0.5892421573603729,31.828339269430927,14.376031110486533
2026-05-06 14:59:00,48.04440971101404,94.12408876674279,66.41927245596415,0.44235596621640555,26.60684735539511,9.629073564952897
2026-05-06 14:59:30,47.72666593524408,90.70289933699922,72.84369379147573,0.5263649077245082,27.779625435404732,16.238977233512305
2026-05-06 15:00:00,50.110750444028824,87.34499701335429,68.95694140649213,0.5752130881095928,27.03638146929627,19.794618398196874
2026-05-06 15:00:30,50.93457418795048,101.55417751998296,68.82650598192122,0.378920091885176,28.59780899497193,15.034155333552281
2026-05-06 15:01:00,49.780581440373595,93.42187709185029,63.298158326787664,0.4979269147449077,27.9551137580018,12.509497435334959
2026-05-06 15:01:30,48.397105928941336,89.84628946425116,75.58931413930294,0.25,26.064745509536348,12.967472997706372
2026-05-06 15:02:00,47.76825495296561,96.51185624940717,72.79645825560448,0.3905121273922353,30.37331168583351,11.76171843830756
2026-05-06 15:02:30,47.20526702785143,102.9150004827958,68.12909550475842,0.6,30.381038213985587,10.22026425876524
2026-05-06 15:03:00,45.18040623117803,95.62669723356429,67.35977320800231,0.6,24.58085867085167,18.709523763231942
2026-05-06 15:03:30,46.98946929895895,96.51366016369664,71.9988071144627,0.36353177767798034,28.546322143354637,12.2830992507361
2026-05-06 15:04:00,47.675088150390636,90.97213698381083,74.24276355867983,0.25,25.15068297799093,14.232750186562628
2026-05-06 15:04:30,51.005998655816065,88.28631539205881,69.93700958310272,0.25,28.70839854110147,13.986356163343604
2026-05-06 15:05:00,51.89079178625569,86.88778090435821,73.99348075319038,0.33801895381482655,30.659031380616163,6.8180308590159004
2026-05-06 15:05:30,49.287353060107876,89.90906468289197,66.64859002895379,0.25,27.091339320904673,10.50140453322345
2026-05-06 15:06:00,49.10953915978039,95.51244310678891,75.51465089811913,0.2753132168143162,27.689648982649473,13.351976450800205
2026-05-06 15:06:30,48.82795739304774,100.0315202746962,71.73112830059561,0.25446581522213296,29.43294137861511,9.628377741914505
2026-05-06 15:07:00,53.81832175808681,89.76953670459963,68.88498181467554,0.37719584019326263,26.295679126198102,16.368648421303536
2026-05-06 15:07:30,50.19671490138803,84.01827608831834,66.68715632879986,0.3020245052471035,24.439240417740713,19.097425166357613
2026-05-06 15:08:00,53.54784316040913,87.43156198899204,73.2019078241881,0.25,30.107471716698107,17.856921714706896
2026-05-06 15:08:30,45.42306346345891,82.78498435239935,68.35212757306203,0.25,28.34444854748661,18.81667167346571
2026-05-06 15:09:00,46.88570176267995,94.98595935306466,66.21334158569434,0.25,27.072201266205955,13.99332238730345
2026-05-06 15:09:30,50.43265035533098,88.53938240320758,78.62807843873775,0.4116605133902767,31.40951697455587,18.54563020675491
2026-05-06 15:10:00,51.19234570121563,97.17291616449712,66.65684221900926,0.6,26.071987919091985,20.015084965928665
2026-05-06 15:10:30,50.72668483452441,84.94461229183152,71.56261532831024,0.5771305413695265,27.74520532234069,14.561933301709633
2026-05-06 15:11:00,49.49135502350102,89.11029554739125,71.65996209382659,0.5020049535291765,26.770671129468013,14.642124909127423
2026-05-06 15:11:30,49.21517057278537,88.78425135164827,66.44455513308728,0.6,25.455901543846533,19.263168659784156
2026-05-06 15:12:00,48.08055767125867,93.5179744223787,70.44607110445133,0.25,26.574956784315866,18.304609856511536
2026-05-06 15:12:30,52.1132452842908,79.57707355756365,71.64831632766544,0.4243703737549584,30.74447726815726,11.254832997452429
2026-05-06 15:13:00,54.418531089523064,88.40301619713642,71.51256635210235,0.4343772833462555,29.276724372414666,12.677105256292242
2026-05-06 15:13:30,52.93206678373525,99.41672904470391,72.69807211345832,0.6,31.13285460441016,15.134359249661989
2026-05-06 15:14:00,53.144854975524964,99.03487126939292,71.40605011276016,0.310121470374337,28.985766499739977,14.80163111814235
2026-05-06 15:14:30,50.118715685314356,90.94893401404376,67.69184622793313,0.49543418364355246,27.056727649684586,19.72517564288127
2026-05-06 15:15:00,46.9654463599287,91.83957780627094,66.98857363220424,0.25,26.644986339528376,12.7022101642198
2026-05-06 15:15:30,54.756612159466314,90.20777603007478,66.85154131965501,0.25,29.565029470422697,15.75900227316404
2026-05-06 15:16:00,50.37719231737516,87.04699004803985,66.89792864301796,0.4508721140713929,26.0463132995221,18.446697475039514
2026-05-06 15:16:30,50.67978202272944,95.25352422656105,73.92909658995636,0.25,28.622246694096173,11.94247992885908
2026-05-06 15:17:00,43.834786678511634,90.42457038109656,68.74167293067403,0.3252884245457311,23.567365558217872,17.994708482705633
2026-05-06 15:17:30,51.07865664669764,91.73912784429847,70.18572125924084,0.25,31.79780671151887,18.01385607797568
2026-05-06 15:18:00,45.24343685396114,95.09745394968257,68.15498209938704,0.27739956022372525,21.649560725245195,16.67391033405117
2026-05-06 15:18:30,50.5274707257352,98.7909035149555,67.87006355779737,0.3200971250724546,27.0606241387488,16.69416288445926
2026-05-06 15:19:00,48.07022322464659,96.0471284737136,66.0830196238784,0.25,28.33327688885447,15.382922451962328
2026-05-06 15:19:30,44.72956688950847,82.76486329003387,69.49739056301968,0.25,30.69131793976705,12.3918438776203
2026-05-06 15:20:00,47.76237376857495,87.45025019397765,76.64248556153517,0.25,32.950377756733886,15.728952557978541
2026-05-06 15:20:30,53.662183840211426,96.40301564488128,70.95891956125074,0.6,25.25904134816007,12.270158177573109
2026-05-06 15:21:00,49.35510619213439,93.82116745929831,69.31665960502637,0.5384459178541694,26.04918806012624,15.179870894587808
2026-05-06 15:21:30,50.98288802474573,89.70811118960488,68.88610082090366,0.49690445208028794,25.067645220451215,9.98264872712642
2026-05-06 15:22:00,48.04523423511515,92.0422190702185,73.60466991233311,0.5173287677954074,24.057873129259995,16.730568703722565
2026-05-06 15:22:30,51.278073610393015,99.40225632560407,73.99852708311553,0.6,27.50109789738137,11.962967165954593
2026-05-06 15:23:00,49.48695544884074,88.2603555635731,65.16424005193117,0.25,28.196149536085898,17.57091388894151
2026-05-06 15:23:30,50.17826822397193,87.24045688584748,64.50426118613981,0.5283066612067263,28.239984448495168,19.15316609523128
2026-05-06 15:24:00,52.85613978082542,87.46645394028984,65.33083629975056,0.45502517806561044,25.60779739975853,20.908329375879703
2026-05-06 15:24:30,51.49014727672704,97.27635035142433,78.62807843873775,0.6,24.992327522046338,17.020694886603742
2026-05-06 15:25:00,47.03075246791051,99.67758531823316,71.89077629420099,0.4075469013992327,29.734779441180056,13.295527554971056
2026-05-06 15:25:30,46.07201796053306,87.85493029169739,72.67834549156846,0.25,27.14106150111205,11.679194374375077
2026-05-06 15:26:00,50.25011941082624,92.19367923158069,70.96743348781183,0.4830747527621188,25.893454649101045,15.31325356917369
2026-05-06 15:26:30,49.680059770748336,78.98005802275217,70.53806996661932,0.6,28.67395107714355,20.45039502243493
2026-05-06 15:27:00,50.1972810604684,94.08652944225145,68.12037174500837,0.25,26.910867004780826,19.586870940309872
2026-05-06 15:27:30,45.47106802818008,89.56818958503874,68.64790214267411,0.25,31.87238496064351,19.86655064034188
2026-05-06 15:28:00,50.76777464854491,95.3963597027664,74.39648149843146,0.25,28.198143720032803,18.59690546651969
2026-05-06 15:28:30,49.161177252843885,92.50523130321388,69.7440577548467,0.33476091324680035,26.718770165240134,14.748060681936645
2026-05-06 15:29:00,50.188368167863004,85.83259435873279,71.78377475728323,0.3796414040852954,33.20403264551524,22.067339192953572
2026-05-06 15:29:30,52.02850569000685,88.84289425593118,70.26035513457182,0.38887528976648833,27.498169309131313,18.304441043160246
2026-05-06 15:30:00,50.63559964633302,94.08788311417906,71.132563466668,0.25,30.317237242497963,20.11416818574252
2026-05-06 15:30:30,49.61782310364303,91.39620340410703,72.18382937146562,0.4757508867255589,28.34857676887163,19.56353732103775
2026-05-06 15:31:00,50.8262462918932,83.36938561566711,70.28881726958846,0.43994926846076055,28.202495326020326,14.077356079626734
2026-05-06 15:31:30,52.477363937497195,89.72270527026939,70.7739692813024,0.6,33.15544667332911,17.689503570029252
2026-05-06 15:32:00,53.623449829618686,91.79274066692987,77.84729679827441,0.3945180000032628,27.09135271430581,14.489043986946259
2026-05-06 15:32:30,52.606843707726945,90.87074536352657,70.57515153443543,0.37561849777312256,25.01384128532461,17.899654642451797
2026-05-06 15:33:00,50.40242051454971,100.05834520240494,70.27266802712488,0.6,28.232463072637152,19.020727262560946
2026-05-06 15:33:30,53.087178282386944,88.61142267933042,74.11597231506948,0.25,24.461849709891037,16.697630438399287
2026-05-06 15:34:00,45.55951954833072,94.05028290653276,68.34135792145405,0.29707193763420725,29.246565282996464,16.882087756897718
2026-05-06 15:34:30,53.20486089673796,92.89462766672808,73.91621238065696,0.45273392404932145,24.870436783988474,21.052698758072225
2026-05-06 15:35:00,51.35684946610186,90.18470706782162,70.2587508037504,0.25,27.2499989890928,16.334967569263156
2026-05-06 15:35:30,46.05785857381838,86.18392628422127,73.01817436812166,0.47254832874591435,31.091696334797923,14.954287693058355
2026-05-06 15:36:00,54.37771348719326,89.65886737993651,66.91932057694073,0.36202259467614284,28.70936099978429,16.862235656494214
2026-05-06 15:36:30,48.16664603424128,95.26184173350879,70.37719405624904,0.6,23.055336871805423,19.303164810970717
2026-05-06 15:37:00,52.28233462703377,81.67849936406924,75.69407869470852,0.6,26.005482063480613,15.011496513850162
2026-05-06 15:37:30,45.82379320278001,98.56109778858318,66.68091167899294,0.5435785885465542,20.305776723766968,19.52110821291264
2026-05-06 15:38:00,51.740664599555075,85.20395105167137,68.56994990829305,0.25,28.232003469190992,12.07937981021098
2026-05-06 15:38:30,52.866926063888705,98.50866981364678,73.22042602963006,0.25611908951227313,27.229375486204567,18.023804679296394
2026-05-06 15:39:00,48.8994766239581,97.829981998321,65.53290758129235,0.6,30.49451429227581,19.05383086735866
2026-05-06 15:39:30,50.993160537993326,100.84511933964515,78.62699867378805,0.6,22.51208046824548,18.647036802585742
2026-05-06 15:40:00,48.4948304207045,88.20736584387967,68.86726911348792,0.37571143781999994,26.28779475769857,14.972013141288508
2026-05-06 15:40:30,45.84643890224966,82.80511574521856,69.72767474344799,0.6,28.216254833058752,16.581145009262162
2026-05-06 15:41:00,49.69265008772413,83.15247359222738,72.42442440543161,0.6,26.424038676651776,14.94518300225047
2026-05-06 15:41:30,54.51038748674363,86.75302526238106,71.22449194823672,0.6,28.276561599655377,18.105202214718677
2026-05-06 15:42:00,49.30099299065219,77.71020522504553,74.2970891636776,0.35435845240722097,27.331677077753668,15.667142205887991
2026-05-06 15:42:30,52.77832787262271,95.5740183005819,67.25685375021895,0.25,27.988676061025252,18.004794739065225
2026-05-06 15:43:00,52.537739979257076,93.28417058055602,70.98032243088184,0.25,21.92588013571319,16.057987631410818
2026-05-06 15:43:30,48.17489405215163,90.92627714732308,71.48581983782451,0.25,27.72735346881854,12.019968548595127
2026-05-06 15:44:00,47.074099588958866,86.94587012979723,70.61486934540108,0.6,27.566338198762104,11.99316119305961
2026-05-06 15:44:30,54.78203837047147,88.03827843104033,70.63366900081125,0.5106923870035215,28.293061528657027,10.243964588693508
2026-05-06 15:45:00,48.521297881267486,87.86818189355093,68.60299885753304,0.6,31.423074356230725,10.786587564435074
2026-05-06 15:45:30,49.03960310034934,89.18859948429476,70.90443686856426,0.5326175425129264,24.442919834793585,18.5380594377851
2026-05-06 15:46:00,50.241439365378604,95.63736247339989,61.024108677312604,0.4426116567758404,30.442561660883964,16.320428351302223
2026-05-06 15:46:30,50.831110493618716,94.98638248738472,65.219156173374,0.25,28.675802549863008,19.655638616432817
2026-05-06 15:47:00,53.851269454073645,97.9654035620957,72.14269900225743,0.6,30.760869057814567,15.531797058919373
2026-05-06 15:47:30,50.18061089293439,93.70863429527046,71.98511329445667,0.39965228244728834,28.51551535486187,15.176188027541855
2026-05-06 15:48:00,52.41685938937246,88.98343717394266,71.64615590259743,0.25,29.061701459733037,13.159408854138846
2026-05-06 15:48:30,46.257798834509565,100.5722024031219,70.31844511444098,0.6,28.98558771671716,15.606247053874878
2026-05-06 15:49:00,48.43337784889887,88.01322106289187,76.90468530403135,0.25,27.762161905847638,16.282222857214848
2026-05-06 15:49:30,46.88426772818957,101.05705493022485,75.59716846526446,0.6,31.581003953932235,13.26166075039918
2026-05-06 15:50:00,52.638439266835995,88.27772038079871,73.41472955511915,0.5289213721181335,24.361416716859473,16.943547678673188
2026-05-06 15:50:30,47.47478122763866,80.12863159359233,68.59633365776224,0.25,29.035531194829726,14.475014718112645
2026-05-06 15:51:00,50.06999019577961,80.4329638243799,76.3937364426202,0.6,22.4085005660498,18.541665480312354
2026-05-06 15:51:30,47.03935514326073,82.4838005605902,65.87726521356231,0.25,26.684470593756004,13.192516936026601
2026-05-06 15:52:00,49.39127173873819,98.05496747671074,65.53990397989364,0.31073283794394246,28.493973662393806,23.17740021085765
2026-05-06 15:52:30,51.45549177039879,84.10793506133913,72.51774499037145,0.25,24.74344259408386,14.669768146896248
2026-05-06 15:53:00,52.277596033897474,85.93591493208278,69.17328464452301,0.6,28.181865686591756,18.57239119362615
2026-05-06 15:53:30,51.15655939509875,91.95287520932092,69.28828148231386,0.6,29.90845415267212,18.54017541587798
2026-05-06 15:54:00,47.1650545168224,99.24184829482503,71.36061539577811,0.25,27.138520876546366,16.253646841480244
2026-05-06 15:54:30,46.00255629530592,91.2715072896816,68.67888215473423,0.4919654864188684,24.20955017154861,6.639233869603293
2026-05-06 15:55:00,51.13470297573334,97.34349292893917,72.12183376509353,0.25,24.743253846622693,14.346982112748178
2026-05-06 15:55:30,50.49002332888758,94.75908716943883,74.01827077005225,0.40421396956502365,26.343164152235364,16.199633073792874
2026-05-06 15:56:00,47.87332965266476,97.92335428992732,73.79970592231643,0.6,27.01245853529006,14.444545742388271
2026-05-06 15:56:30,55.56313919422589,89.79034585433297,74.84344288353198,0.6,24.475906604059404,13.010755884294792
2026-05-06 15:57:00,48.43654898358799,90.94155146070518,68.13673484051391,0.25,25.45614781588481,14.201368445179364
2026-05-06 15:57:30,51.234719478203715,87.86229223371997,63.66522425475859,0.6,32.60634396643668,8.978070289506947
2026-05-06 15:58:00,48.59475888461227,97.66853986902997,69.49423201483104,0.25,26.032391265049522,14.528367852948637
2026-05-06 15:58:30,51.06548088286675,99.7425254665734,75.72228854772717,0.36670941923230205,28.794564852760633,10.256427869808041
2026-05-06 15:59:00,50.24469976581593,88.32156690980605,68.87713211725806,0.30408023389715355,27.02478559383423,7.628692103708711
2026-05-06 15:59:30,54.08659653153978,96.68082642757115,78.62807843873775,0.25,20.510014034116,15.358235351503843
2026-05-06 16:00:00,53.56868092743871,99.2444640493184,68.27427907956667,0.6,33.20403264551524,17.365207619365908
2026-05-06 16:00:30,48.74500543687032,97.74852382109229,67.48247056740958,0.6,28.58336571180519,19.477243450661522
2026-05-06 16:01:00,48.40204551456837,98.89279681536645,67.22574177829456,0.6,27.206913008776965,15.946749475057343
2026-05-06 16:01:30,50.48333415290106,102.70797067175471,68.2405132614925,0.39104176639142896,26.052749890811477,10.227008168943602
2026-05-06 16:02:00,55.37109791341907,100.43770122248891,72.74957151069376,0.3720785494073108,22.426495641259432,18.15009987213031
2026-05-06 16:02:30,52.30378097133131,101.38376502338711,68.7062508142065,0.5558442754815347,28.339717553265462,18.014539107677933
2026-05-06 16:03:00,51.68283323378606,88.34212084462794,67.85796642550783,0.44577653165800196,27.650064620088948,21.182367814905604
2026-05-06 16:03:30,49.04141127267511,77.5943791313286,75.97779697586215,0.29277482931731014,30.942656680147294,15.44480616316775
2026-05-06 16:04:00,53.68705397275116,88.87764884119257,78.62807843873775,0.6,25.877914059350644,20.687515719473836
2026-05-06 16:04:30,50.5329158717581,87.11610837847925,65.07100781094825,0.48951723274494874,25.303995603055963,14.428738691485549
2026-05-06 16:05:00,48.65021925400744,89.16827431580107,72.31868384651729,0.25,25.57865865068705,17.786461011082988
2026-05-06 16:05:30,50.016283400559054,99.2321498781697,67.98013663950614,0.282602419874979,28.248304291205788,12.140211090737905
2026-05-06 16:06:00,51.06251929503094,95.07509930341732,77.72355421819813,0.25,22.217758576931182,16.35851951718599
2026-05-06 16:06:30,52.19183444936868,88.07241905660692,72.98885415039281,0.3385288862543604,33.20403264551524,14.497783911554102
2026-05-06 16:07:00,55.78616751831956,94.61380008131336,74.28636383071931,0.5328133774701974,25.14677135366534,15.20403717059985
2026-05-06 16:07:30,51.667766540800336,98.66356692115615,65.91915664303687,0.6,29.05837885417332,11.492622806031624
2026-05-06 16:08:00,50.00855570144628,86.34841090889346,69.86062209428158,0.37313692723179737,26.12794448376167,13.451869672395121
2026-05-06 16:08:30,51.31349080291744,99.02749713334427,72.97430000906613,0.25,29.30438595186758,11.850604220035931
2026-05-06 16:09:00,53.89608868565884,92.11866980707057,70.874111868418,0.6,30.075244325261675,14.43871165918381
2026-05-06 16:09:30,52.23312947753471,86.29503655227458,71.29452825571927,0.6,31.99842823206627,15.058571329888116
2026-05-06 16:10:00,52.603517034403275,87.5077408335992,69.62061718397737,0.3526975705598818,28.451931537321784,14.745743487930218
2026-05-06 16:10:30,50.366691201805324,87.2564999293894,73.64442826749276,0.3986432958045297,27.966324754662775,19.045574362019956
2026-05-06 16:11:00,50.61635058467691,90.98410295562644,65.58918227238239,0.4942221520344566,26.231002797212323,21.766319202019943
2026-05-06 16:11:30,46.9694720838457,92.40813282276285,69.00413086405747,0.4086682937003773,28.141283790212604,15.842579365849037
2026-05-06 16:12:00,48.86924540411286,92.24101462232088,70.245740326347,0.3373942276004245,22.88124169977526,17.283686916293934
2026-05-06 16:12:30,51.65535406296715,95.38550274823449,66.92800466250455,0.6,30.2554240697702,23.17740021085765
2026-05-06 16:13:00,49.34121615395778,96.8495825801867,66.17237688562892,0.5262845484329091,27.04970563196493,10.685904165148006
2026-05-06 16:13:30,46.778561875962474,97.37042624324116,68.71965527919423,0.37178763433762807,31.78910545768879,11.643506127867303
2026-05-06 16:14:00,51.74755678868887,92.4618482464549,72.7990327446556,0.25,28.15101856461456,7.285134365291283
2026-05-06 16:14:30,47.6743586020078,96.7914490853971,70.12662371716293,0.6,25.736251300729542,15.99981820962388
2026-05-06 16:15:00,52.06283522711161,102.96869918880661,74.75229478586155,0.6,27.66629617730866,13.268925299082376
2026-05-06 16:15:30,50.88583610545,82.66139148780819,66.32169879744603,0.2895435241388617,26.113686778388875,15.238061492961855
2026-05-06 16:16:00,55.777449033115474,90.07889580968944,69.10440690338719,0.6,31.46889533000145,20.212103913022947
2026-05-06 16:16:30,53.26006383355933,97.55260869708923,67.9906074066247,0.4345010691283211,28.557954914030592,14.140605873019648
2026-05-06 16:17:00,49.60005752284903,92.33093327236256,70.42146443552717,0.6,31.38157460352939,15.506548186730138
2026-05-06 16:17:30,50.673367040500665,84.00960002710553,66.33445375154125,0.25,30.605988859757367,17.60698478699007
2026-05-06 16:18:00,52.66695772537561,100.99191527266984,71.2874330819831,0.5319339594773933,26.458230002876864,11.584103282928783
2026-05-06 16:18:30,50.42077530905511,95.072755504685,73.38610609029577,0.5374768415025764,27.195816358763526,13.851094343285578
2026-05-06 16:19:00,53.513796922501854,94.48270617160236,68.22091391937943,0.43583725544687896,28.60712835132072,18.81086474436436
2026-05-06 16:19:30,52.041193487221896,88.4696580157323,66.21317595071658,0.6,22.05101259209064,14.097860485275369
2026-05-06 16:20:00,49.66369408093934,94.95018582994612,70.40097226797273,0.3588901172799627,24.378778123277982,16.88275968661798
2026-05-06 16:20:30,51.0681557192153,86.3657162809872,68.97251215256912,0.25,28.76439557322481,15.58703522276895
2026-05-06 16:21:00,47.62774995385973,95.40714766844746,74.44827468236308,0.5984083556411601,24.522607952933598,14.260545242392277
2026-05-06 16:21:30,53.688793521768545,90.2943736626537,69.45740254982726,0.6,29.962437848742933,20.317342967688933
2026-05-06 16:22:00,53.02664716740761,105.6697190351457,73.07949407497334,0.6,30.84811960968546,11.801127017970309
2026-05-06 16:22:30,53.642698384590574,96.26095553502327,69.12741615543626,0.3556032216878107,29.964164600840782,13.0735226250993
2026-05-06 16:23:00,51.91740835351904,90.45369300898899,71.07298658820373,0.6,26.322796328176345,16.11256449599695
2026-05-06 16:23:30,52.29192148576405,89.21813025462112,69.37750707536964,0.42772506578877784,28.134453555386465,13.404834836399534
2026-05-06 16:24:00,50.47196300450251,83.18205284535712,69.70006111667236,0.25,31.91772724983123,16.224899581873107
2026-05-06 16:24:30,49.11308315555582,94.52263207470467,74.2752540887389,0.6,28.06920351944906,16.138949209799552
2026-05-06 16:25:00,47.960838948941074,91.83580614674648,73.41176845114707,0.43244868346086796,29.73562675918786,10.793001284910204
2026-05-06 16:25:30,51.55827092897674,82.86153024287722,66.95789386606042,0.33353452297363584,24.582265098591268,14.448904034724567
2026-05-06 16:26:00,52.94623760244578,99.40887816002783,70.68895534897622,0.2821647911774801,32.85657380171471,13.723188041439592
2026-05-06 16:26:30,50.95536078871695,86.00698028510884,73.6388529804827,0.25,31.925386764738533,20.24714332327256
2026-05-06 16:27:00,49.884600684282795,99.04024591849887,73.28491232125717,0.6,26.96881678980346,12.157926637244028
2026-05-06 16:27:30,47.12955364893255,86.73542419803321,75.41870688671054,0.3752367310013369,27.647574830137838,15.24238404522817
2026-05-06 16:28:00,54.340145390227256,97.98183410198091,69.97256804230202,0.4056255414148898,27.661219154687505,15.2733955504885
2026-05-06 16:28:30,49.161695829012736,86.92716949336345,71.59566564941696,0.442467897800794,32.77228826478628,17.893500149339488
2026-05-06 16:29:00,49.73193501660193,92.97808046752277,66.66503583186278,0.5914578646986276,28.621428202017345,15.939157957057631
2026-05-06 16:29:30,53.96797653509559,82.24101825364929,74.73613702062192,0.46472442568480593,30.921356610080927,16.490503303396114
2026-05-06 16:30:00,50.07827270890615,82.61606230665744,66.54809777572906,0.25837301553795144,25.387408427812762,16.420356968803677
2026-05-06 16:30:30,50.57953163564591,96.18260550120242,68.79209701313972,0.4194513947820961,26.85440967360461,15.102206563370236
2026-05-06 16:31:00,50.41384421366987,100.02095995572034,66.89299580822814,0.4595152003116879,27.683422344122743,17.837115620485033
2026-05-06 16:31:30,47.15452557854125,88.98355901454609,69.63399590573748,0.5187299848482769,25.53893433144346,11.419867562748664
2026-05-06 16:32:00,46.8421486043709,105.6697190351457,67.38305855187437,0.38262348447439126,25.125700256777954,17.61656089554005
2026-05-06 16:32:30,51.3913152729175,89.39403232056122,65.65788928304701,0.42614553590887744,25.774679260122667,13.48390274464996
2026-05-06 16:33:00,47.28113012721294,89.11610790572992,63.34270550881122,0.3460423965775352,26.579628951415994,9.674392459742997
2026-05-06 16:33:30,48.59502843758641,93.15548484271432,69.83530791527984,0.6,25.60728042906469,16.01077004912328
2026-05-06 16:34:00,45.29327521165305,83.74721300163677,69.92939589791814,0.3489504412349521,27.204681552762167,12.341678975293314
2026-05-06 16:34:30,51.96171630264315,94.53723949364216,67.77583867843572,0.25,26.6192237526758,16.405929782875045
2026-05-06 16:35:00,51.74169074102725,96.70709690836611,75.26871479311751,0.2585740985931677,25.957593672020508,14.449800039294
2026-05-06 16:35:30,48.31301610110967,90.14892983619444,75.55373985204119,0.6,30.31573723442361,16.468717936068916
2026-05-06 16:36:00,54.25054277365151,82.89284305454981,68.6399725806871,0.48348796992815435,27.99332786650635,14.284557739106864
2026-05-06 16:36:30,50.60663609767384,92.47457655809343,65.2753533725427,0.5316160187634547,27.572577193367934,12.059850188281619
2026-05-06 16:37:00,52.565209634446255,89.47926197020506,66.63493273913393,0.6,31.233680891286184,15.95302504001928
2026-05-06 16:37:30,48.49964300763539,96.04975292059005,67.22965769654324,0.25,27.95972436660896,9.851013741058377
2026-05-06 16:38:00,48.49433423136173,86.60808986299476,73.77581425750574,0.375994239667109,25.66962598102636,15.245280266970243
2026-05-06 16:38:30,54.3132702523261,87.72971504199235,71.37711681696766,0.6,30.708752460546723,10.811740797779699
2026-05-06 16:39:00,51.81454718746073,96.44861149596258,62.91852962800548,0.25,30.2224089400354,12.438313601207103
2026-05-06 16:39:30,49.07688242973561,91.8060739448048,67.27136297844339,0.26118079370696945,23.947180317504916,14.373034594695563
2026-05-06 16:40:00,54.11937135814935,89.45640608416429,74.66260020942073,0.29765629899932033,29.087562621436216,23.17740021085765
2026-05-06 16:40:30,53.971220899515394,94.64821097908346,73.3070603104191,0.25,28.810309231922822,14.272265005688272
2026-05-06 16:41:00,49.216689756664664,97.48120664870521,76.06767270891316,0.3025815939509788,20.02541782586009,14.700876905226071
2026-05-06 16:41:30,50.93811926493146,87.54154030734567,66.13666744692368,0.25,26.102328460195157,17.406623620581115
2026-05-06 16:42:00,51.022982116804585,91.85959355535434,67.38879077732842,0.6,26.48449111547822,11.612796103223046
2026-05-06 16:42:30,51.855815709139286,90.90618349303227,70.59538701386076,0.5823574116300844,25.724393368166368,14.711603167925745
2026-05-06 16:43:00,51.38859228258774,94.56243534230629,67.90025145007878,0.6,27.25533629163925,16.089244951855854
2026-05-06 16:43:30,48.76564693574616,97.31188944887731,64.40458482474831,0.35536888387294585,27.54856071819175,16.34697193275786
2026-05-06 16:44:00,52.34536334288122,93.448437330458,72.94519560026049,0.25,27.095445793084863,16.34590294158651
2026-05-06 16:44:30,54.11997322936441,97.64400465093804,70.56945907891809,0.5821830396708445,25.374995257084084,14.303374656388394
2026-05-06 16:45:00,55.536275715045335,87.39631585334182,70.19606675536528,0.25,24.50390388618792,14.433205597430455
2026-05-06 16:45:30,52.692497249944424,88.8892950296104,73.24861827574706,0.4599631128895767,26.632637407000786,18.37167127031723
2026-05-06 16:46:00,54.17389216281456,91.41583597031301,65.23945560441075,0.507934034903055,31.123843433269936,15.644102421055354
2026-05-06 16:46:30,47.89883617023798,96.01691981950636,67.59428055550093,0.26872398291709637,30.381477919043284,13.435386779714861
2026-05-06 16:47:00,50.07978396439041,91.92525572706559,63.679303018680116,0.5112098668477913,33.20403264551524,18.43058985695576
2026-05-06 16:47:30,49.58804702278322,86.09784540945581,73.50915558447763,0.25,25.730448468136355,12.019082525200243
2026-05-06 16:48:00,51.24523174989849,100.76602272603735,64.76166767456888,0.5469195713771448,26.887643923946342,18.517853832371145
2026-05-06 16:48:30,52.82120063441466,105.6697190351457,72.30734470096598,0.5416565101973252,27.800212313981227,17.605489260751177
2026-05-06 16:49:00,47.16909741781692,94.40221729253594,72.85374546557767,0.25,29.300239413862357,13.112622439189398
2026-05-06 16:49:30,48.17691029539181,88.76760185681205,67.85186387989917,0.25,27.43641568345583,22.78419207125586
2026-05-06 16:50:00,48.14107633656982,95.69175698398199,70.90711922089174,0.44451245055060323,30.253432648951296,15.657976720139613
2026-05-06 16:50:30,52.512995654939886,96.0876367198113,69.45506927237007,0.25,23.7031581411866,10.428801760611769
2026-05-06 16:51:00,49.669713711766455,88.80826334504908,64.94138789615198,0.5148286535284932,27.37018031596018,19.11408239467976
2026-05-06 16:51:30,54.434593600180406,92.59304864015617,74.43981041727216,0.6,28.531404378808595,13.54002550899249
2026-05-06 16:52:00,51.53541185252566,91.81784023569543,64.90403509266875,0.38057890033207714,23.461056113085885,18.68136184352879
2026-05-06 16:52:30,51.09427581445613,83.50313379707865,72.79825947627265,0.4331813003035192,29.73404553719864,18.917894274625542
2026-05-06 16:53:00,53.3677283624901,96.65336727258394,68.29905548784757,0.3651992948027877,28.924153212281507,16.89718203409574
2026-05-06 16:53:30,53.10028483400608,94.08015701182065,72.9224444429215,0.2809768844509654,25.617279338696385,15.27521486757551
2026-05-06 16:54:00,49.46659124141937,94.39886586714202,72.855478104229,0.6,24.843595687671804,19.302437825102935
2026-05-06 16:54:30,46.42463828063138,95.225808765518,69.00455807016533,0.5671765293889683,27.2114471769045,15.745559921628486
2026-05-06 16:55:00,50.5572979305142,80.5856308810287,70.80384629623993,0.49473932320920316,26.563894466874906,12.965170235549113
2026-05-06 16:55:30,49.72834603502917,84.24910011598722,74.52721800726417,0.5369209251235272,26.92099966548569,20.05286789137467
2026-05-06 16:56:00,51.1996603833368,93.62304462049151,62.79627027245472,0.6,23.796667100476114,15.967005790954
2026-05-06 16:56:30,46.72275180312107,84.66279641064428,66.10457824005321,0.25,25.65700678145756,17.748653954013825
2026-05-06 16:57:00,45.701965739011655,83.6623554718349,70.30714936102045,0.5451156417968583,26.99485940690043,13.65698363676606
2026-05-06 16:57:30,50.32659171414907,90.83680983666717,67.95021407210275,0.5403387961637889,27.69886371745695,12.888778892273155
2026-05-06 16:58:00,50.92450613168923,89.77356735060759,67.25956273370544,0.3253356909482676,31.621389856443386,23.022187722751376
2026-05-06 16:58:30,44.03817419150145,92.43990578230002,68.906774248422,0.488163512699505,30.54042747041852,14.036172818959436
2026-05-06 16:59:00,43.71133352198572,90.12647191081365,66.35981902427105,0.2658339463523708,33.20403264551524,16.938943211659556
2026-05-06 16:59:30,46.07237789287388,96.14337826293429,69.46452461616592,0.5470309372363082,29.125407461334817,16.07929469072904
2026-05-06 17:00:00,45.60584498415074,94.31306358689558,67.05009550334518,0.25,31.807492333574938,10.773716571886254
2026-05-06 17:00:30,50.13634292555326,90.34029863837073,70.85508851990731,0.25,29.399696298778874,18.788582757053188
2026-05-06 17:01:00,51.46292135757838,94.20189332708341,67.54770556658491,0.3093290099560705,31.53920088620863,12.66119721716479
2026-05-06 17:01:30,50.749622269002344,99.25611412419815,61.923963144251346,0.3851064627308545,29.603883865408797,10.27806204863505
2026-05-06 17:02:00,50.21068372804432,90.42808146181422,75.59172632290635,0.3944268773556581,31.24269674765178,15.709697934207018
2026-05-06 17:02:30,52.59080775548904,103.09122715549663,67.2431874256255,0.3766200617950984,26.05375853543341,15.73353590129075
2026-05-06 17:03:00,49.423035035401085,91.40003971660059,71.29235790447026,0.25,31.584518977583574,16.513178636051226
2026-05-06 17:03:30,44.99596474938109,87.57048012472248,65.9034903036434,0.6,28.19368005381803,16.108828962007063
2026-05-06 17:04:00,51.5563421835909,91.15780864426263,65.91825971636571,0.3777490071126772,30.056997611158987,15.567783451918029
2026-05-06 17:04:30,54.55330618238012,97.2998331225476,73.21556910435066,0.3136145132802508,24.876633849900486,10.811734983631101
2026-05-06 17:05:00,55.086094495542575,93.5154046374687,69.6663126197831,0.6,25.36903773940863,19.567504943020943
2026-05-06 17:05:30,44.976620257603244,90.71113587383302,70.59676521888707,0.25,27.38565667539591,18.234161294284718
2026-05-06 17:06:00,49.97794725632463,92.81048814273795,64.6399401443677,0.25,28.739495208789748,15.587512315118383
2026-05-06 17:06:30,51.36479479827462,88.65891079667415,68.31326287614483,0.49297000914330774,30.093457142633564,14.965784683050012
2026-05-06 17:07:00,54.19138697344337,94.30230897177358,68.31567963549902,0.35144591680888687,26.367640562160705,15.503109448113406
2026-05-06 17:07:30,51.37876169653739,89.13261990474828,63.84212453727255,0.2764395942922063,27.648900712127805,16.387134817271125
2026-05-06 17:08:00,49.3558097519616,86.82702863295953,76.2171822368533,0.6,26.223051018599982,11.63733154268304
2026-05-06 17:08:30,52.64872763320233,94.55058172161398,74.59876985353868,0.25,28.24717189998545,11.827365039690203
2026-05-06 17:09:00,53.40011370972566,89.5152613985975,68.43289222991503,0.4992961204205453,26.488899002337604,14.251614818320963
2026-05-06 17:09:30,47.86298943450765,105.6697190351457,65.98177805398124,0.3340690135088681,24.828668203572256,13.612916510069493
2026-05-06 17:10:00,46.750378216012116,86.57553589016834,71.71919413330522,0.25,27.041860861228862,19.52432348422205
2026-05-06 17:10:30,53.46440731433656,98.09788095374398,70.51112309362722,0.35396018400245477,24.91460119369641,16.01245270427381
2026-05-06 17:11:00,52.226292353304075,93.2810389862784,66.95232691520013,0.25,33.20403264551524,13.230511042852093
2026-05-06 17:11:30,47.30433711596508,96.43034894917484,68.00842163312362,0.5979570883674212,29.183869562699325,20.632837433783777
2026-05-06 17:12:00,51.50142352527746,88.82912732052758,74.66418343159874,0.25,24.58231858907524,17.605536200785355
2026-05-06 17:12:30,52.04235301719269,99.50434898142764,66.2196226188539,0.35736143895487327,28.087202164178223,14.02804873521497
2026-05-06 17:13:00,52.29500669814527,89.46686971066889,63.15780763712359,0.26446494739708015,29.67835014276385,14.889779791740944
2026-05-06 17:13:30,49.779643020803455,97.1911638072814,71.67445702355363,0.4508429295802759,28.113612786777225,14.668379814292473
2026-05-06 17:14:00,51.414867470345065,102.57560634279926,76.07122770486437,0.6,26.8601220733121,16.52084414959171
2026-05-06 17:14:30,51.685339843949386,89.51700248975963,78.62807843873775,0.25,27.69563534866551,12.72109277307349
2026-05-06 17:15:00,49.79420854476823,89.11828690119401,70.58160416643737,0.25,30.898982946344653,16.83986989098038
2026-05-06 17:15:30,47.97745537297741,92.91702954007661,75.42287779768778,0.38047152689587727,26.41374692481484,12.394673318200958
2026-05-06 17:16:00,48.234799252532014,94.4971752414583,69.27353368162794,0.25,23.74264286145766,10.650490370576252
2026-05-06 17:16:30,50.105683931509574,93.04382089324443,68.26860926968124,0.6,25.07230055863489,15.432218502057893
2026-05-06 17:17:00,53.88391918215338,95.86703446613069,72.35232548119015,0.25,32.42964329277486,14.537109865951573
2026-05-06 17:17:30,56.90660071606784,98.9887257998119,68.79236520243907,0.5347197659441554,27.88108505610006,16.062275121473487
2026-05-06 17:18:00,46.185831579776206,97.19820965213786,68.90190411816923,0.2511510018494356,30.640393958178986,16.823933499899077
2026-05-06 17:18:30,41.1592907261139,89.8037286111147,71.57261560232037,0.4433726224066634,28.327580703366273,11.68168685450074
2026-05-06 17:19:00,50.0485925986836,89.11824024386414,77.67994261162242,0.50708289058474,23.632564473588403,14.507521186114163
2026-05-06 17:19:30,55.67747916379177,96.42916586494357,66.13366266872772,0.25,24.718302865174774,18.731182936589036
2026-05-06 17:20:00,53.16848455230112,100.58648958466078,71.00046750082711,0.506255328482772,27.642614125716996,22.82933103541346
2026-05-06 17:20:30,52.186487440932304,103.31245306899312,74.96219566528606,0.25,24.41901301807853,14.065369082985782
2026-05-06 17:21:00,44.87277354530124,96.06421157800257,74.14892561032214,0.6,26.887835310469363,16.03837882356604
2026-05-06 17:21:30,49.473569398694266,90.57658989435056,71.10608505020615,0.6,26.56408940377823,22.32278993455554
2026-05-06 17:22:00,50.619560110798446,101.18594355152553,73.25261403781282,0.25,26.223318991400202,11.569612069969203
2026-05-06 17:22:30,50.619574774851046,96.20263104381573,72.54828870694023,0.6,26.363427553583872,15.364058058158646
2026-05-06 17:23:00,51.273241485893465,93.85142157890746,73.55747442720416,0.29798756156487083,26.07990645939342,13.396229547698518
2026-05-06 17:23:30,49.73997939315343,92.1123554168667,71.35131028419303,0.6,24.335760124542595,14.011353291796425
2026-05-06 17:24:00,48.731473846250886,93.44837110274248,66.36016715151399,0.6,28.397834708107013,17.81534723535388
2026-05-06 17:24:30,51.15887606545222,91.65694506375439,69.70749276661482,0.3219903264740536,30.653057444538973,14.542987320376401
2026-05-06 17:25:00,50.62457140450867,86.92983340811713,72.32642281658839,0.25,29.721051490503676,18.63045903625443
2026-05-06 17:25:30,44.526004877096646,86.69428231223687,68.2498255371921,0.5172056705484327,24.117436774269873,17.330709244602783
2026-05-06 17:26:00,48.154213800462095,81.69691741007459,72.47075763140666,0.2814834634535106,29.261535454389225,14.63277407162791
2026-05-06 17:26:30,45.970014211050405,87.8114549979886,68.30089042627925,0.25,24.70744999899329,14.385008398135433
2026-05-06 17:27:00,53.549792949205845,89.33066924656505,67.00515348398527,0.37213757609829157,31.799837916374322,18.178304508944805
2026-05-06 17:27:30,52.24270259506589,88.33895361514104,67.61837872245687,0.25,28.597587633060666,18.026732209066225
2026-05-06 17:28:00,52.85213953343199,94.57462877736722,78.62807843873775,0.4155204629156708,25.73525276051602,13.874683733913212
2026-05-06 17:28:30,55.95560970839286,92.46925960151907,67.5387335509488,0.6,26.835119192557837,12.783136669126293
2026-05-06 17:29:00,47.708117559355046,97.2088368602249,65.3635277889608,0.25,29.093899502182154,13.257623555702489
2026-05-06 17:29:30,53.932970103398006,89.56318169806963,66.91595584592952,0.308124863681122,30.516795190768534,13.719837006955142
2026-05-06 17:30:00,47.846683451009014,89.75405182177035,69.82441852459264,0.5356739287092591,26.34983265646158,21.08617254499915
2026-05-06 17:30:30,52.27860054437831,93.11737266210167,69.02870519497984,0.3305662548950657,29.75595956602024,13.205158399546866
2026-05-06 17:31:00,43.719499957806754,92.62472737350345,69.63315208569286,0.35295295898670365,27.905553316753828,16.655225775943023
2026-05-06 17:31:30,51.55681689415893,89.82351259013026,72.7719942115813,0.4861879354386479,28.05112073054269,16.548594631672046
2026-05-06 17:32:00,49.44318313817814,90.60820677616995,72.7659167672823,0.2632013843732669,25.75181274972881,16.973148433469444
2026-05-06 17:32:30,47.97660310962562,85.15646496012103,66.59318348166688,0.25,30.897725501711236,14.220753742780262
2026-05-06 17:33:00,50.138551908098414,86.14332175667084,66.2148526030038,0.5582905403437735,25.683834162210122,17.637613290510963
2026-05-06 17:33:30,49.28204329158358,95.07794313993618,64.97934197137803,0.6,28.764640865146703,18.09039959795048
2026-05-06 17:34:00,52.08781822874294,89.78077363288422,73.88190558092926,0.6,25.338020367776114,13.732764313491773
2026-05-06 17:34:30,53.46822797135066,89.52294754639051,68.6560869211126,0.435668327293399,24.76928074542475,11.67517108917416
2026-05-06 17:35:00,53.54305071506348,88.96409424167128,68.7134305346737,0.4300598289086752,25.533184395410945,12.526985836582604
2026-05-06 17:35:30,50.61773947975854,97.96802644415168,71.96766747183497,0.6,29.47134836047674,12.778370084577778
2026-05-06 17:36:00,48.12892458652824,87.51946376269387,70.83911830834177,0.6,26.144977982710465,11.762929213705847
2026-05-06 17:36:30,51.26140394985699,93.61065635651624,69.30313515311688,0.2676247998281269,21.387691724782073,16.35867192975852
2026-05-06 17:37:00,47.66587630028489,89.37547973420193,72.10860258400186,0.4043340799192395,29.34884220678211,13.620919180160342
2026-05-06 17:37:30,49.609712395781955,105.53054623459981,70.48994557174719,0.25,29.946787461343717,20.512370657444123
2026-05-06 17:38:00,51.8832386555818,96.0042051655825,69.53201152708549,0.3572794676058758,22.342588090629086,15.5966875535477
2026-05-06 17:38:30,51.50392791246494,88.54232459463461,67.79857520829945,0.4755747128788647,27.627301423606593,16.788478269264424
2026-05-06 17:39:00,51.97202422170501,91.61806662337186,67.75885499846791,0.6,25.049631493275644,19.213542778238377
2026-05-06 17:39:30,50.23370618179948,91.27061974746215,74.08550813290873,0.6,27.9157647353386,16.839491650936434
2026-05-06 17:40:00,51.72302015507365,85.79165228596365,65.15016588773716,0.2955771051601579,27.750309720408396,15.889015445785516
2026-05-06 17:40:30,50.95872496317623,89.97614129685986,68.6345522754364,0.25,26.32770246283031,16.956112085705364
2026-05-06 17:41:00,48.90776719235812,94.99082826118084,77.80808932368045,0.5178147474219633,28.975429943790907,20.053717266079218
2026-05-06 17:41:30,50.261185450445126,94.22736843510333,72.15402525439674,0.25,29.214640479435595,16.64475269509319
2026-05-06 17:42:00,54.52860295395576,91.26363766710453,73.3018869008964,0.25,27.316040860617672,20.89904617880783
2026-05-06 17:42:30,48.662498663000726,89.82600504482599,65.9767223751727,0.3179416160413234,29.037510138464885,17.013734841172113
2026-05-06 17:43:00,48.56603138002203,99.17422308661698,63.54192037219389,0.46264376817139063,25.016930629545953,17.46861037442213
2026-05-06 17:43:30,49.41723333102455,96.68138925602668,70.09798269265335,0.6,31.844997709278758,15.86357854201016
2026-05-06 17:44:00,56.161314873861336,100.09864343567683,74.96604346653196,0.5632874655835128,31.17540794690866,14.416005142492022
2026-05-06 17:44:30,51.803827902671046,91.944618660386,70.60339424071539,0.3325135625539894,22.86843177235925,18.413846052558792
2026-05-06 17:45:00,47.954380092201,92.28292023734085,65.18718886477464,0.5160400628461305,21.706629012437375,18.280984012771555
2026-05-06 17:45:30,50.73260939575188,84.40429694460283,65.65184710689995,0.6,27.127435929801717,21.032456952816524
2026-05-06 17:46:00,46.668137672009706,89.42849657480974,77.0088054083699,0.25,24.741602403879703,19.166711431861476
2026-05-06 17:46:30,44.2291906944435,91.62457487708257,74.37787763472228,0.46133822405358643,26.634315174836956,13.306437215152814
2026-05-06 17:47:00,56.90660071606784,102.91630395085637,69.46419880643438,0.6,27.96720514538899,21.58689275834723
2026-05-06 17:47:30,49.6453346986328,102.6753647813568,70.80658094092666,0.6,32.184703763377044,18.949745820588873
2026-05-06 17:48:00,50.220252184625004,83.1713212156271,68.7195968460303,0.25,29.144394275220968,12.900579431769502
2026-05-06 17:48:30,52.18358568869734,103.31940707620686,71.9677427219364,0.25,26.149458518347988,22.099153251543193
2026-05-06 17:49:00,49.997777064417676,102.33303289006103,75.11879773791557,0.25,27.990039785631176,9.37496860690321
2026-05-06 17:49:30,49.89648525574607,92.82755909055341,70.2889384746598,0.25,24.528201938722162,22.068584485973094
2026-05-06 17:50:00,52.67268971593107,87.25237641500809,68.44501053547114,0.25,29.255433107428395,13.55338571512251
2026-05-06 17:50:30,50.02029503145067,92.52520793590793,71.82942436812117,0.3543051455702367,25.851753244506146,17.533974528515188
2026-05-06 17:51:00,52.81632771387012,102.42046969345095,70.59811590704777,0.2649811212390105,26.815204110594888,18.051614056399465
2026-05-06 17:51:30,52.390041620364556,95.27849296906822,65.63035485067287,0.25,25.935581835114622,17.089797342335945
2026-05-06 17:52:00,51.64244304368442,91.399461064298,72.63649657585991,0.6,24.952847996932555,11.855620084700696
2026-05-06 17:52:30,45.112962469493915,93.30989273120525,69.51659878153865,0.5330706592214285,27.40982348418037,11.807322638654279
2026-05-06 17:53:00,50.2284985060042,81.62625706003611,68.74771356874469,0.2995544860771004,27.097464683711443,15.585872099482842
2026-05-06 17:53:30,50.05657072594929,75.30431872519326,70.09284131499952,0.29549395508686305,26.21780582445241,23.17740021085765
2026-05-06 17:54:00,43.199423737507274,85.72721457000682,72.43429593685748,0.6,29.481277986877416,21.13271188374761
2026-05-06 17:54:30,52.97982442157341,90.95809457669881,71.99042715644406,0.3041443032857802,30.779486430909504,15.223462201986582
2026-05-06 17:55:00,49.34645668972948,92.22551037215717,66.01714977229703,0.48912341205230403,29.256138346766768,12.780588350258023
2026-05-06 17:55:30,48.73170633806553,96.00939547812926,72.57534242234627,0.47269154353353965,29.56899283822551,17.9013826302516
2026-05-06 17:56:00,49.283308332944245,98.39053013498574,70.93017596839911,0.25,30.71499815689598,23.17740021085765
2026-05-06 17:56:30,50.11775540324536,95.75580564030722,66.50397737247408,0.29341575394892283,25.17717188504659,16.394674412113325
2026-05-06 17:57:00,49.58709124528644,91.28977588430092,68.22225563211494,0.5759502837507926,29.44732097833765,15.137752452699598
2026-05-06 17:57:30,52.77451549841482,93.91955628987637,67.15306762259517,0.25,28.12884101092134,11.117054567087926
2026-05-06 17:58:00,50.906927873151055,93.38746607634563,76.29644418630635,0.25,23.291272798543506,20.41412067216431
2026-05-06 17:58:30,50.51608677716003,95.55421118045672,62.68144625282231,0.4712334391069219,20.862468597481413,19.360434987216706
2026-05-06 17:59:00,51.534119664315455,91.94508891186337,68.89157190544144,0.4001979298194658,24.846665858458174,14.054843197119029
2026-05-06 17:59:30,53.040267529277436,88.03982205020723,73.98603275974416,0.3119941535577024,27.026519787945908,21.3786973459843
2026-05-06 18:00:00,55.20212777737571,101.49046578197215,62.39024151047688,0.6,29.474126589122758,16.597796242516534
2026-05-06 18:00:30,50.9507958322736,87.17334833236455,70.218566648743,0.25,28.84372203792994,15.269472307257278
2026-05-06 18:01:00,48.278695807641206,98.90481762930686,71.17639550442493,0.6,28.729218974787937,15.537573671578306
2026-05-06 18:01:30,45.31969134154223,103.2490813611734,71.52613505407015,0.4686696572550451,26.964726151516363,12.346158914494255
2026-05-06 18:02:00,51.95732031569897,89.63873892306516,73.01176628158218,0.31291416005307454,25.009736459080333,15.838610295955089
2026-05-06 18:02:30,54.28026790479067,84.87489523236985,71.44429855249876,0.6,26.516089114260478,13.36985571988046
2026-05-06 18:03:00,50.16088499665276,95.85334761258628,70.26426014745886,0.25,25.906944930751134,14.161826714682913
2026-05-06 18:03:30,49.22888412291211,83.38024159222586,68.22719189853424,0.25,30.457228439305386,16.31157518816933
2026-05-06 18:04:00,55.8605680347124,84.27306769455798,68.55535400226343,0.2904946419410195,29.56092608390349,16.53258400633341
2026-05-06 18:04:30,37.79708593814415,89.615108939303,63.0663633751189,0.25,25.18719359291437,14.863620935257334
2026-05-06 18:05:00,52.09032169354125,82.46820857522178,77.86147345384988,0.25,27.566153954672806,14.724120611416037
2026-05-06 18:05:30,51.995780680300186,98.13539831997134,69.7738895569881,0.5782196306849496,29.5233649896732,16.305087851983004
2026-05-06 18:06:00,55.53118523353907,94.87680786648988,68.43576275487962,0.44344259632502026,24.821466720564636,23.117700214359758
2026-05-06 18:06:30,47.965793383104035,95.34878245474134,72.91438070106128,0.2991005379920138,23.712824821110782,20.439329108171975
2026-05-06 18:07:00,46.799689807284274,90.5482155776786,71.41983554322336,0.4888432192687715,27.802104504597327,9.214096203193154
2026-05-06 18:07:30,52.92485170131784,88.64389549471123,73.58689400098322,0.4562392787163546,28.784450038851478,11.595730262192877
2026-05-06 18:08:00,50.662472459016584,91.45942495735474,69.28700426670714,0.29854552214524527,22.299414167158695,16.596133443359708
2026-05-06 18:08:30,52.352453425309974,96.22318985102117,70.71347740332443,0.26706991164523564,21.52873774903528,14.463000579298702
2026-05-06 18:09:00,48.27819459974775,90.11787232827665,67.54646641246917,0.25,24.03216132575652,12.587724806119152
2026-05-06 18:09:30,46.73989889032335,100.0888930444902,63.71789117116538,0.3698279653362796,23.097358367822828,10.656033910046975
2026-05-06 18:10:00,51.521395473769694,92.32060850534181,73.88172301136213,0.6,26.2760063637683,14.48920618717934
2026-05-06 18:10:30,47.35124960769195,92.9455897896601,71.22506973187268,0.532917231452503,25.241353579669024,18.71034915874537
2026-05-06 18:11:00,47.33023529439898,104.96383414961815,74.96063515757477,0.27433603438400234,26.645776811061555,12.949929001216768
2026-05-06 18:11:30,50.552546905203926,103.10910713935057,75.70816102179876,0.6,26.023792721277673,12.067437504866074
2026-05-06 18:12:00,49.82326885933335,98.84906348977164,75.76467078768042,0.2996947521211146,25.413187492027006,14.621401691242806
2026-05-06 18:12:30,51.358245910628916,90.53938218355918,70.60182380463117,0.532646396745346,25.609009923769808,15.66162290480589
2026-05-06 18:13:00,45.82558486867831,84.68195892616981,68.99036371739777,0.37108058936003674,29.508997000838313,16.118963841267192
2026-05-06 18:13:30,51.09678345818203,92.49649372221498,75.7951652345379,0.4251750490341803,24.62354497263481,15.381527461881044
2026-05-06 18:14:00,50.758857873960515,81.15220529574216,77.1651598636247,0.6,30.00321674794658,10.52675067655995
2026-05-06 18:14:30,51.655547613484906,89.52543085831641,61.97776090590433,0.6,29.333377607206597,13.344075009081319
2026-05-06 18:15:00,51.06355418610609,91.12204309979744,73.05618789765917,0.25,28.010000104058438,18.597800025028967
2026-05-06 18:15:30,46.701155406614056,98.24599440483294,76.12366981728763,0.41013882352780107,30.281227442000375,20.065173962289734
2026-05-06 18:16:00,49.84338609150636,87.63434089575696,74.25169481767902,0.6,26.960840352598527,19.285605170482267
2026-05-06 18:16:30,53.536885847420635,92.26809360933146,71.18957629286658,0.6,27.07349844707333,20.699491790688747
2026-05-06 18:17:00,51.01320952412064,95.597492982423,76.9962628552005,0.26145133014548405,22.667660065457447,19.44182257236811
2026-05-06 18:17:30,52.61435276339813,84.88845089321111,71.06370695676935,0.27062621632730127,25.403022320364542,14.077873239745939
2026-05-06 18:18:00,49.42283303474709,89.30028644476104,62.402931462339595,0.28027856159664827,27.199176238538065,15.172654420512679
2026-05-06 18:18:30,51.98444544630327,100.5892749102469,72.60437137051356,0.4613284734767277,27.351556844424756,17.348772044736055
2026-05-06 18:19:00,50.19077639690523,84.74987097261764,76.674158323053,0.5945093888318156,26.825298840772277,17.23887257340932
2026-05-06 18:19:30,46.875865670882916,103.08905190707708,66.07463917215745,0.6,27.68223474077636,8.043547100737147
2026-05-06 18:20:00,52.849940472687585,88.4560132010301,59.993296460069345,0.3129289711112746,24.621644117669433,14.005281176950358
2026-05-06 18:20:30,52.425235728351694,89.90171611050076,68.84940828150872,0.4072607043440314,29.363276037840965,13.907004140087396
2026-05-06 18:21:00,51.22404800859655,89.80865164505302,68.12436552539803,0.2987650983700528,30.107467915835777,14.94359519569862
2026-05-06 18:21:30,53.984351282950634,93.71001384359921,68.73376111633492,0.25,23.275429384642383,14.938032239048388
2026-05-06 18:22:00,53.35237094396314,80.30192659628942,73.2959968736983,0.25,25.464916940660085,14.321330936885644
2026-05-06 18:22:30,53.91299274405299,97.40699236927257,68.30244982548027,0.25,27.186225014288596,20.93478226036352
2026-05-06 18:23:00,52.44151144343423,99.95171882072462,74.42410693097415,0.6,27.448277857930613,18.29421170742758
2026-05-06 18:23:30,49.63516144731986,80.59557930313096,67.80431610381454,0.5538209871228029,27.36496523901475,16.625872112194475
2026-05-06 18:24:00,53.08986925255656,92.18462061341052,70.39218130394869,0.6,29.40540487266582,14.990391878711414
2026-05-06 18:24:30,50.478634167501475,94.14646284311421,67.61438646166842,0.3136090056244276,24.350688415781917,20.875871156036286
2026-05-06 18:25:00,46.53156234586716,90.33429887463852,70.85829929632622,0.5085683704666787,25.456520256565145,17.033978425311584
2026-05-06 18:25:30,49.086022933407044,92.10989073072292,70.12497743323473,0.25,23.01844702881661,16.800217301147462
2026-05-06 18:26:00,53.819855139075116,87.3621050043809,68.92120338731279,0.44040466883730245,30.50805605460938,19.76584093694
2026-05-06 18:26:30,54.32832953678258,88.96490700717982,75.87107629663295,0.25,26.908743984118715,16.24966356571645
2026-05-06 18:27:00,51.29996375132298,95.06772729476732,63.955473253245074,0.2865048861850651,26.549629283172017,11.925430972142832
2026-05-06 18:27:30,51.05252046291473,88.72105321649076,69.48470210042225,0.4722399482053652,27.695827734989525,17.157752410641663
2026-05-06 18:28:00,48.941995392401346,90.74260344558931,68.79700072289256,0.28619206796595675,24.505256433303806,18.83126332070384
2026-05-06 18:28:30,50.58810426453829,84.54735870100714,66.17783265161606,0.27462431507683016,26.709488953117546,7.913322178492912
2026-05-06 18:29:00,49.56582632168832,87.75050463228554,72.12175132046579,0.33521731175935005,31.850663853425534,22.502951246075437
2026-05-06 18:29:30,49.68887527848569,86.76309531281078,66.61293260681151,0.392969146993867,23.081448158987474,12.653506037147325
2026-05-06 18:30:00,47.39393426551145,93.9568274220513,70.89383493838122,0.4700344251893554,31.171727625259226,13.162007922052535
2026-05-06 18:30:30,48.603050245637,86.0982970538652,68.21147741507946,0.27357687376746265,27.049252847964105,14.542063312184958
2026-05-06 18:31:00,51.12549215149631,90.82656230699129,72.27314759304406,0.5908273597186742,26.75643768141217,17.055602786966453
2026-05-06 18:31:30,48.24627757622357,86.37089237881602,69.08385042606795,0.5028960767413427,23.260745461366326,13.071126773207597
2026-05-06 18:32:00,50.06841912016313,93.01977151145236,67.83985100170878,0.6,24.997357574144065,14.174429680729467
2026-05-06 18:32:30,51.16444388059079,97.07774078313204,76.75802471981117,0.4344114283565004,31.326202487863682,15.822086866236504
2026-05-06 18:33:00,47.81498439025651,79.30081631352816,67.93458743025754,0.3111500933697117,31.564875286791974,19.814152469919897
2026-05-06 18:33:30,52.42574578296654,94.36757211028996,71.06049073929996,0.25,26.270899944712802,14.45831034012479
2026-05-06 18:34:00,49.89963301060831,96.37989217869824,73.37387348721518,0.4844031102707597,31.750401903857433,17.96092502066425
2026-05-06 18:34:30,50.228260137411574,97.53516602303422,65.23716578249032,0.6,21.80101826868058,14.721478962550224
2026-05-06 18:35:00,45.75695567383499,92.56709757783311,72.59111585305833,0.5120525948132798,25.521347071519997,15.285321641419761
2026-05-06 18:35:30,56.90660071606784,88.62199429057482,65.85854748658303,0.3393491860229594,26.330354924819808,15.73954663913943
2026-05-06 18:36:00,48.338075207008856,83.89103427891473,73.30276878719297,0.6,26.694687264574245,14.758417027853982
2026-05-06 18:36:30,47.97084359414278,89.71675054537587,63.43326398258928,0.6,27.436726617784462,15.318980473867207
2026-05-06 18:37:00,52.54038236209247,92.3210222200657,61.96625192846903,0.25,26.99270777309415,19.409440052733803
2026-05-06 18:37:30,50.02827577492853,91.73798523537157,73.42664121776254,0.6,25.741810898151428,18.721038354320378
2026-05-06 18:38:00,52.90030333463198,91.27570166922598,64.27021562807245,0.30348822162473327,29.024543933356195,14.419483273933595
2026-05-06 18:38:30,47.6347783782363,91.33213027408203,70.47335999962581,0.25,29.015503210020594,17.85744801964247
2026-05-06 18:39:00,51.49866670471113,86.01269028190202,68.84940333064296,0.4058285831454271,27.024265675652728,14.073818288004862
2026-05-06 18:39:30,45.69029641973019,90.83274268940426,68.58353715084631,0.25,24.448058122611993,16.35777391767888
2026-05-06 18:40:00,43.48507834696522,89.08666213088166,65.43292850538894,0.25,27.590567766441374,19.9431226441058
2026-05-06 18:40:30,49.94034816463168,91.6481888559833,69.12420168998666,0.6,23.952331230877864,13.986065349950936
2026-05-06 18:41:00,45.70918982120912,88.56216482287506,68.48554911875594,0.42883388721666144,28.346521348952187,15.228703396514522
2026-05-06 18:41:30,45.27276465015439,89.56497585480389,74.9382085695576,0.5316900389870195,29.92718914318643,13.408922738229073
2026-05-06 18:42:00,54.55143643420818,89.66232852704407,68.58155726628887,0.42828440731744605,28.947134720213473,10.152420966599987
2026-05-06 18:42:30,55.72581184153261,97.13564499911561,67.31565210648064,0.3250707860663248,27.661902438500956,18.371787968997786
2026-05-06 18:43:00,52.22736659280399,88.01644764080572,72.38611239089157,0.44242998925085697,22.72433309114103,15.031700622436425
2026-05-06 18:43:30,50.91777537371589,84.31774712621804,72.4672116242847,0.6,26.30503845348901,16.49430453421026
2026-05-06 18:44:00,45.311118416760884,88.77753797856083,70.48774475533043,0.25,27.17933551540484,12.507009502719873
2026-05-06 18:44:30,47.3202609790502,91.84612418560573,72.58875717026758,0.354994812391524,31.27448527494435,23.17740021085765
2026-05-06 18:45:00,47.25933232335238,81.7729033295034,72.22944494870454,0.25,28.337464098528013,14.080615721257754
2026-05-06 18:45:30,54.93884605387589,94.5750041889327,71.47981897360944,0.6,23.387342971315377,16.140358427903028
2026-05-06 18:46:00,47.1471333483822,82.61488332110673,68.5973785224695,0.6,30.029532881068455,15.709709794772111
2026-05-06 18:46:30,48.26093496181371,87.45792708510989,68.04080819917556,0.25,30.621601474530035,10.237151010573301
2026-05-06 18:47:00,47.67385992698813,88.61480212879398,73.70409138773492,0.25,27.997693074719635,19.013591354181067
2026-05-06 18:47:30,54.511450532680584,90.4905249219795,71.05603170037703,0.6,26.938323199204603,18.365043998453547
2026-05-06 18:48:00,47.44357005144787,105.6697190351457,64.2872087654566,0.31445847700196145,28.078268940635052,18.298675173867654
2026-05-06 18:48:30,47.31115481781522,90.36752725472502,64.68242206378751,0.25,30.34240281055238,17.93268178463614
2026-05-06 18:49:00,50.30421932897114,84.54240569155131,78.62807843873775,0.5922445141347893,28.794437454062063,22.476490150876355
2026-05-06 18:49:30,45.57675776928905,95.2539232790361,69.24084482015675,0.5075434724364571,28.88564941781186,13.994214167651894
2026-05-06 18:50:00,44.498093306660905,93.10123730600392,63.685282541210654,0.25,25.782844321666076,13.688660290009134
2026-05-06 18:50:30,50.146465980458345,88.78083558937469,67.99717128803462,0.41477505535828535,24.86679865941586,12.405988379378375
2026-05-06 18:51:00,49.78786122660968,84.71278248149858,73.18973335841204,0.5579717340124051,26.84234855724567,19.03742319402915
2026-05-06 18:51:30,49.062717283644865,103.22338249683328,73.41270017855305,0.5069526492968063,29.79435065441587,18.129519008783582
2026-05-06 18:52:00,49.360355548139744,105.6697190351457,64.79007614001844,0.25,28.165245035299293,10.787026885191713
2026-05-06 18:52:30,50.580684514358154,100.1189702736502,71.8085659797919,0.25,29.229939767886755,9.966257026135983
2026-05-06 18:53:00,53.163845402453205,87.61258357193927,72.34025366469253,0.31413966222951417,31.01618078345968,19.18929335772953
2026-05-06 18:53:30,44.14511562779754,96.74732016531769,68.97330325438791,0.30674551492860247,26.096567967124937,17.14207265338236
2026-05-06 18:54:00,53.33154063293115,91.90477515039005,71.98360165865815,0.3955647650767009,26.188221057609645,19.395161804322775
2026-05-06 18:54:30,47.423983476380656,79.79556674956912,71.58511282287219,0.6,27.634456448384523,13.549387436205818
2026-05-06 18:55:00,56.675140967991155,84.96453259014632,73.65316108515675,0.6,30.36388468759758,15.53292737982782
2026-05-06 18:55:30,51.02433841768958,103.43659749816194,77.02101170602809,0.25,30.349363953730972,15.729052793009258
2026-05-06 18:56:00,47.454884248296466,91.26199516424542,71.01696735955787,0.6,27.15019442639957,18.435618248615153
2026-05-06 18:56:30,46.59005279888593,100.90199766175515,64.92411393191063,0.25,26.08971139875799,15.412934004565981
2026-05-06 18:57:00,56.90660071606784,91.14275884673694,76.69581505106558,0.25,28.370257923182866,16.568572575887835
2026-05-06 18:57:30,50.30373117087411,91.52751764255942,70.31985537091889,0.5646207377119854,27.093342314614784,15.33195000613891
2026-05-06 18:58:00,50.1339826493391,88.2226122918368,69.03685200725428,0.25,25.159133968603342,15.573391950183469
2026-05-06 18:58:30,49.54221110015343,97.27961839663911,66.42204664147809,0.25,27.823467263122787,15.163332814476888
2026-05-06 18:59:00,51.10424337026941,85.69593150400796,67.72452707190833,0.25,24.31563918246756,15.074545635063522
2026-05-06 18:59:30,50.1747174211503,88.90850534914325,67.23508866532333,0.4359585255203869,29.656127015512194,18.094053028780777
2026-05-06 19:00:00,50.05040073838903,87.12695984731454,72.0584616976611,0.29277500434476955,25.087906428906386,9.038467563444705
2026-05-06 19:00:30,47.92161744325027,97.47008652321759,70.461854899088,0.35895364534956614,26.05711159259493,10.904968417208064
2026-05-06 19:01:00,49.53059156575339,91.46114488141863,74.0073992271513,0.6,30.157094644362335,13.04243615386407
2026-05-06 19:01:30,51.2498979364944,87.73450007161077,68.35123281437932,0.25,25.46056128104891,14.765363582633306
2026-05-06 19:02:00,46.62304960182782,87.50256290972223,66.013515216978,0.5700341020612808,29.606996965501168,17.984288194016443
2026-05-06 19:02:30,54.3398441733482,98.70753900969603,67.07703650988203,0.3248816988697887,27.211501738871462,19.858836126959186
2026-05-06 19:03:00,49.773453919136315,92.27949402754234,70.21123408038011,0.4276670106525636,27.31512706066201,14.877464971034728
2026-05-06 19:03:30,51.89170115324124,92.476281141831,70.15558044846296,0.5173705384940983,32.927942033621555,12.363902448152627
2026-05-06 19:04:00,48.99555272714259,96.12543849621,69.70710331713286,0.25,31.220655373589608,18.013293534766813
2026-05-06 19:04:30,55.76401740509175,93.18049605383865,72.11221250093826,0.25,33.05693350750187,14.925009727952606
2026-05-06 19:05:00,53.63696060523717,93.26889551301754,75.77022066003208,0.45392761667492043,29.742824278044683,12.871303683776656
2026-05-06 19:05:30,51.82917818858619,95.0364737466937,72.50600544019808,0.6,28.165578320940902,15.873312147123436
2026-05-06 19:06:00,47.55789791215301,94.08406688748927,65.60198943253464,0.5839306816696795,27.794111527390076,18.74940804761455
2026-05-06 19:06:30,53.67102674763002,89.10187010127012,69.9114270450222,0.25,28.241276081031828,13.55015947496726
2026-05-06 19:07:00,49.03062514998985,92.03774455922992,76.55037880733829,0.2590153908211271,25.184274621083905,15.358946469455585
2026-05-06 19:07:30,47.96149697342863,85.17397826566574,70.7268822333511,0.6,29.232174649876765,9.619769642305283
2026-05-06 19:08:00,45.52989665167153,86.10717333980246,68.91373072315437,0.25,27.320716192420118,16.777899702149455
2026-05-06 19:08:30,51.13163352597141,103.95108239641466,71.69083269171654,0.6,30.858782817483934,11.430022884903302
2026-05-06 19:09:00,50.29092414376772,88.64163688173684,68.71877218958771,0.25,26.823268590936845,15.528305240883991
2026-05-06 19:09:30,44.760970183443696,100.61395870435766,61.73756643685891,0.6,29.610146569328318,12.624492085117478
2026-05-06 19:10:00,49.68464701595751,91.25359448251128,73.90875554372779,0.28709317259969114,27.298251265775775,13.392531943420812
2026-05-06 19:10:30,51.88476236787795,95.92695593519886,69.00392546073624,0.6,27.936201664104257,20.058065829251305
2026-05-06 19:11:00,48.17234321324497,89.99980790511285,70.64421457318728,0.41889559462518416,22.37183145761306,15.207918722009472
2026-05-06 19:11:30,54.254601365958806,92.68572246433581,74.99755828599419,0.25,32.144984479659115,18.626245575047072
2026-05-06 19:12:00,54.68580258142731,90.44605228190339,65.66291162173346,0.6,29.36532111931632,21.453360432513954
2026-05-06 19:12:30,46.03343228622066,93.6493475942668,68.19336068741022,0.25,30.271609286131223,12.083835795579807
2026-05-06 19:13:00,49.921379794521194,86.92461821104794,70.74629614970253,0.33146480161781605,26.38736308410464,18.468695200581394
2026-05-06 19:13:30,55.12152613805573,93.07790379884715,66.11656062261336,0.29657795330423026,23.875616559716164,9.695729353879825
2026-05-06 19:14:00,48.27713506504884,96.58421895613519,66.88598218803051,0.25,26.949866838085406,13.89552499662367
2026-05-06 19:14:30,47.29736927520681,91.48921925106922,73.8731970959549,0.6,27.744342873987417,17.0302031193931
2026-05-06 19:15:00,51.73687829178797,93.53592142804371,68.44834903261226,0.25,31.69175437281836,10.298546474621375
2026-05-06 19:15:30,46.72084365062198,91.90895877158228,74.19387065011072,0.6,30.140247190453383,14.655641323046593
2026-05-06 19:16:00,56.90660071606784,91.22172865114632,72.79522868530286,0.25,29.312465165987824,17.035831855493363
2026-05-06 19:16:30,49.532362008408946,89.29564616915428,74.07246802959286,0.4057665549891557,28.19569915411392,14.447506139967029
2026-05-06 19:17:00,50.75613311597529,90.63480760549086,71.53355413869143,0.47429024617031473,21.99180463514708,13.68061867640043
2026-05-06 19:17:30,50.80683969274782,98.85484768417106,64.99568185677518,0.46786137965886276,33.132875286603685,10.971150987995284
2026-05-06 19:18:00,50.750016367470764,85.5242130117501,68.25845018780515,0.25,28.63650415643409,17.50755173376096
2026-05-06 19:18:30,50.75475701189305,97.84968758852223,69.15290150436925,0.25,27.477416726580525,18.257687893416104
2026-05-06 19:19:00,55.31895287730321,89.15006709752895,74.3162842818323,0.33837851333829166,29.737212877083664,19.60391937295555
2026-05-06 19:19:30,54.86956879178357,94.17096759446304,63.49369746832753,0.25,31.36682352461228,17.189359799030424
2026-05-06 19:20:00,46.1811328606819,94.42440487882195,71.30483538339713,0.25,29.415431145284778,14.373465657214227
2026-05-06 19:20:30,52.92927492386526,95.92424868759704,66.01536215159857,0.6,31.194442044619198,20.021283037070713
2026-05-06 19:21:00,47.93621626112523,97.54450502636622,65.72915567456772,0.25,27.9806979737386,15.159447500176402
2026-05-06 19:21:30,51.75728718467203,92.6329605721756,76.98499906154937,0.5890834366471194,30.28549910039996,19.511387708129806
2026-05-06 19:22:00,50.11089228114379,94.4585466926361,77.25103364288542,0.37783820010812236,30.547508769663178,17.077944435524955
2026-05-06 19:22:30,47.382648874322754,91.36688414933744,68.03154979571846,0.311034799445907,28.64333934804348,18.362428180750648
2026-05-06 19:23:00,53.76792121894877,101.3899988603894,67.03760050782097,0.25,26.513012609429303,20.24121440525621
2026-05-06 19:23:30,51.49112712986166,87.47653294361236,71.08682449217174,0.4621098987791126,28.921801088456576,8.595373663769182
2026-05-06 19:24:00,53.13247971553516,91.06152096290408,74.86942667907351,0.4894059089213232,26.432324845183807,17.423806764041327
2026-05-06 19:24:30,52.27896794048073,92.22837886152688,71.75069005138096,0.25,31.483265432770608,16.677261378439802
2026-05-06 19:25:00,46.67645487452256,97.46369338421476,64.21646553923266,0.26109804872957254,32.271829064718425,12.489833402372478
2026-05-06 19:25:30,48.00131997945673,97.58853471115314,69.40549066657319,0.6,30.45572308767342,16.14868690661243
2026-05-06 19:26:00,54.069675849214285,94.95692663376106,65.96113132024236,0.6,25.560839766291746,13.40622486206579
2026-05-06 19:26:30,47.880569534021454,86.04433532553851,75.36211119782291,0.25,29.61914499374402,20.774114465323787
2026-05-06 19:27:00,51.9137201012948,96.49074242993586,64.75314387671133,0.27069108126047425,27.296606707034666,14.258166769834938
2026-05-06 19:27:30,50.6757594709169,88.6334621465756,70.99946321804502,0.5175976181685141,28.55692611743949,15.114971751074098
2026-05-06 19:28:00,47.92978031967208,94.55001286176972,69.83956995789994,0.45616584062596643,24.350294992286575,17.202063972933875
2026-05-06 19:28:30,49.74330769159695,93.3719937512207,68.96365384653497,0.4005746265700012,27.014557326805708,12.684035491687302
2026-05-06 19:29:00,52.08175546121545,90.34555783245075,67.37556358691577,0.41590221281215073,30.740219091908898,12.637551654591356
2026-05-06 19:29:30,54.22310936229924,88.76046754277797,67.04392809566086,0.25,28.28825969122211,19.02362335305778
2026-05-06 19:30:00,47.93962827601663,89.9249457565281,63.382850895022706,0.6,25.539243934813033,17.23430844786502
2026-05-06 19:30:30,52.96326777332169,88.25809482545989,70.86079551248683,0.4196218818259518,24.23546376530932,18.54480465890777
2026-05-06 19:31:00,51.43561797857133,102.88653602525197,70.73687552211119,0.4110262297550922,26.670935958950107,11.64570258507363
2026-05-06 19:31:30,48.333337426378016,95.86572932967331,73.20495128971908,0.5696181914253704,25.0885295637953,13.522334311691154
2026-05-06 19:32:00,51.58036803057311,87.78945451749117,77.58260641368787,0.5158928744682165,28.742346088553113,18.322850326497015
2026-05-06 19:32:30,50.14346584715771,98.50258141806867,70.76468748114789,0.25,28.26826975901793,14.970683863180827
2026-05-06 19:33:00,52.82459123639824,93.97089093666175,70.51121119083129,0.45115723197255847,28.76617007965431,13.070382532800531
2026-05-06 19:33:30,47.385913629777626,100.79331662797344,69.42438072042975,0.43301943214769356,28.23172203795886,13.137333454464141
2026-05-06 19:34:00,49.64506985039966,94.23871073557372,70.24488674915561,0.6,26.681460732526823,10.143108598073853
2026-05-06 19:34:30,48.07422094438327,96.95026443115958,70.25062748210756,0.4660620252429716,30.596697612880615,21.865576518711812
2026-05-06 19:35:00,54.74394762053042,90.9764991671581,71.68557224573377,0.42101912017352927,28.509795044505932,17.030212940729875
2026-05-06 19:35:30,53.955407173128414,91.19785061935804,65.78615874375956,0.4822638157817204,29.916909587508624,10.500657935421717
2026-05-06 19:36:00,48.2632848904813,89.08018446863149,70.03416988334574,0.4237105783947391,33.20403264551524,15.347075794105919
2026-05-06 19:36:30,46.79092724308519,97.85597960076002,65.27060200132775,0.359069035076225,28.179933843969362,12.014227916612159
2026-05-06 19:37:00,47.342414719208314,87.29842385442875,70.3196778765396,0.25,25.99094710854487,13.061625191087607
2026-05-06 19:37:30,48.782449509948876,92.25601442458837,76.88033690574784,0.25,26.492194144420242,12.309261378683724
2026-05-06 19:38:00,52.90669874349109,88.55498510493466,69.33092765297349,0.46297025966321637,25.66307161105343,20.079094910925516
2026-05-06 19:38:30,43.80131108363332,83.40215488376688,73.40193501046393,0.5513470373943531,28.679755778580574,14.13815338656609
2026-05-06 19:39:00,51.630238967638704,88.3203676559847,78.62807843873775,0.25,23.67764609876562,10.889362935349787
2026-05-06 19:39:30,49.463655769492355,96.28848294999976,69.6387391374131,0.5528581759781837,29.708309588295876,11.344858021762391
2026-05-06 19:40:00,52.96323401191141,97.05507089232066,69.41785947074936,0.5702464239120947,26.847630784834084,12.816405348633626
2026-05-06 19:40:30,43.58692166627232,88.02125055996375,68.52768333237752,0.39535790161475126,26.030460237976925,15.108411235064079
2026-05-06 19:41:00,53.18979233588402,101.74833463508735,70.1417128885995,0.25,23.0878355761464,13.252314328287557
2026-05-06 19:41:30,50.07645116803026,93.89338704935192,76.39344774464165,0.405114168386814,24.901587059890886,16.23002228165355
2026-05-06 19:42:00,54.24534926520009,95.89204472272647,70.80625787609509,0.25,28.245975112354845,23.17740021085765
2026-05-06 19:42:30,50.900073981936835,93.81090341215706,69.38607763424142,0.25,30.453011042109047,16.405649639888075
2026-05-06 19:43:00,48.319396482875504,93.05932009181241,66.15697113165386,0.6,29.80506435074631,17.85670472482611
2026-05-06 19:43:30,52.91486716278797,89.06048934321774,67.61601529689351,0.4076873461043595,22.067939094311967,9.241048322818449
2026-05-06 19:44:00,51.69320458677591,89.65716134960073,69.64084389769343,0.25,26.28042744104713,17.556439805646956
2026-05-06 19:44:30,51.92530227539114,92.51969039468524,72.90093945620221,0.25,26.81228262225119,11.715144011656964
2026-05-06 19:45:00,48.78251894275006,87.07622848277478,62.73662583511135,0.32881341007258846,27.126263241168274,16.22215717008484
2026-05-06 19:45:30,51.44162944078711,89.65860996985246,67.78572110753144,0.25,26.982999544594534,11.864857527768539
2026-05-06 19:46:00,49.90446105488226,89.11099658445782,73.62029899312445,0.6,25.64568165087028,15.03751877391083
2026-05-06 19:46:30,49.909515547892674,95.85471639365471,72.65167160371435,0.45377383260152077,27.730492465378507,10.148007716728332
2026-05-06 19:47:00,51.91303016130856,80.20335118961594,72.22060073685896,0.5342528442009329,27.308433669566874,11.85556899861454
2026-05-06 19:47:30,54.06895175362909,89.34910745754189,69.40876193543693,0.3718573849376642,27.282001324134193,17.562032442699415
2026-05-06 19:48:00,50.309488466078214,96.09447537781367,73.45401497075763,0.2925524729466815,27.833809602345934,13.434623315984714
2026-05-06 19:48:30,50.435073175299,90.99254526626103,68.354452279003,0.6,25.23138759872006,11.085868369562572
2026-05-06 19:49:00,51.33466197880801,98.42210503609896,68.66214528557124,0.6,28.580036066455833,15.518963889773577
2026-05-06 19:49:30,48.375134833266536,89.40678000461692,73.20520575850897,0.25,26.47689991621438,17.81208864038079
2026-05-06 19:50:00,49.44345194422698,99.35134463195737,72.95125053039037,0.35509267360249075,29.69400503162003,12.52984872017714
2026-05-06 19:50:30,55.43721900508084,98.91585118172846,69.18652602982269,0.2847165707730669,25.65366273986499,19.152665271693245
2026-05-06 19:51:00,49.46808380594721,93.81015613449301,67.17547621125206,0.6,27.167001426432094,16.15474927618065
2026-05-06 19:51:30,51.347424049280676,86.19466263037455,68.76419394364723,0.4652790930866263,23.941671608537106,14.966383515840288
2026-05-06 19:52:00,55.373959738017916,91.74919943473901,67.61102914363963,0.32824303803937505,30.396235593982706,14.98866630908467
2026-05-06 19:52:30,45.543817370381205,96.06593866640392,63.14871173501841,0.38024324060539944,27.789651268663167,14.575433287488636
2026-05-06 19:53:00,52.79167961166322,95.81625489327561,78.62807843873775,0.25,23.869365638274836,14.587662032726817
2026-05-06 19:53:30,47.34436587977451,83.95936148700622,60.8110448173414,0.3930518303816007,28.85130860559943,12.01121272714071
2026-05-06 19:54:00,54.79374401684939,89.80768186126801,71.00270386234655,0.37538357873557426,26.912326750185812,16.156353141552447
2026-05-06 19:54:30,48.25336679723104,91.84741281769793,72.29803025986078,0.6,21.25075724945357,15.896109099693513
2026-05-06 19:55:00,45.116374621641555,92.5153174425808,66.35672269216484,0.25,26.009185530617543,14.72090009121671
2026-05-06 19:55:30,51.84242132182884,86.36691672682764,68.27378940764801,0.25,29.07846678606663,18.700019173783307
2026-05-06 19:56:00,51.31601713916815,89.53684337394752,66.32331262786765,0.25,21.889788817249475,17.781051501454787
2026-05-06 19:56:30,46.53897613963796,98.55875617984925,74.99625586050706,0.4987573563277814,30.40398224220787,18.71894143773519
2026-05-06 19:57:00,46.31368541513378,93.43214761047076,60.01573566443083,0.31736623561888155,28.118569577561612,14.334277635112647
2026-05-06 19:57:30,47.800183201376285,89.45130139640455,66.55870344617779,0.27369043014525885,25.705752360094934,11.311414158985908
2026-05-06 19:58:00,50.29081497406062,93.49900255932818,74.15202101921295,0.5127427636089386,29.135453610413496,14.255697061033118
2026-05-06 19:58:30,51.16093944655545,86.9486694680387,69.72678453685971,0.6,26.83290287874337,15.200192772434576
2026-05-06 19:59:00,52.35675412251912,78.93065122871516,61.016576132692336,0.2863871480613682,26.022104945703177,19.235032032143682
2026-05-06 19:59:30,48.044619142990314,90.36715605462197,66.56823526358835,0.25,27.865605758306295,15.353557365413566
2026-05-06 20:00:00,52.137086720679356,87.54527680296351,69.1589066594232,0.6,30.021145084043177,16.50159224612208
2026-05-06 20:00:30,48.541917345133086,83.75067064245448,67.94292410459802,0.5551082683417646,26.808938058778125,14.372334901126408
2026-05-06 20:01:00,52.69755835548495,86.83656973445032,74.41825301240291,0.4078124760387924,21.70455755035568,14.531670472977124
2026-05-06 20:01:30,52.76850410676221,90.98958138766037,73.20233051927637,0.4942291224320255,26.61541133365341,17.236140316969248
2026-05-06 20:02:00,48.18570124083236,87.67594995837987,73.8054536256795,0.6,27.212680202266345,13.739511555327386
2026-05-06 20:02:30,52.80698342392074,97.97630247382443,73.21780562618255,0.32111397376778184,25.45716276475252,17.764476883396874
2026-05-06 20:03:00,48.250643246350016,85.98351470509597,71.96920869123262,0.6,27.406253992091496,10.87327866475623
2026-05-06 20:03:30,52.80241615484339,83.2036201640527,72.75602987371552,0.25,22.080941469480404,14.235382032071321
2026-05-06 20:04:00,51.06527061279639,94.08773629222668,68.38549949083121,0.25,26.09836009216592,14.851910010326964
2026-05-06 20:04:30,52.9342948049985,88.27783044820744,77.75818493877256,0.2981812716012051,28.004495107225996,15.941461207928434
2026-05-06 20:05:00,46.15041885395675,90.34391098430353,74.50252049344836,0.25,21.352516583833847,16.590471811853686
2026-05-06 20:05:30,51.48655812700817,86.89757068644782,72.1010069068839,0.6,32.03680597308157,12.886787325464908
2026-05-06 20:06:00,50.790512882321295,80.74223018006288,78.55362198731473,0.34774050129554596,28.975502748803983,14.503477764380651
2026-05-06 20:06:30,50.35276128374883,91.99604871825481,65.16694386885541,0.3660363445087751,26.28798110987706,18.196155341436683
2026-05-06 20:07:00,49.192706804583516,82.49227257280548,73.26596515844571,0.5874529622995086,25.901988704761273,13.604989734354502
2026-05-06 20:07:30,48.04679604964181,86.17707538843501,70.66004823011026,0.25,24.07238526979586,11.856595759871201
2026-05-06 20:08:00,52.03118003903311,91.28723631177613,62.68291498757055,0.41580532492349254,30.779803933253152,13.62673637346564
2026-05-06 20:08:30,48.9814548169843,98.62913392940763,64.31963757048491,0.25,29.30382849421425,16.317712677082834
2026-05-06 20:09:00,53.79350666219982,94.12050217106817,66.52149464893607,0.517334621157304,25.503965641206744,15.824606294585864
2026-05-06 20:09:30,51.3492076764759,95.51914453947145,64.59943583254518,0.2810998408877782,29.470359094269575,15.26743371709324
2026-05-06 20:10:00,50.720159106622894,96.82364408977475,69.8403471687677,0.26303041857753345,26.46597352643673,13.562461755758704
2026-05-06 20:10:30,49.011012223312456,84.8594541708818,70.84399414699192,0.40896622431917423,26.39090329513943,10.870072613529194
2026-05-06 20:11:00,50.968253270567146,89.41630931813094,70.02076073673028,0.5751676547635587,27.132237732130378,17.046543613976365
2026-05-06 20:11:30,49.989171226938396,93.26453763438424,70.33586995646321,0.25,25.121488905663156,15.01215514630331
2026-05-06 20:12:00,48.47244902235981,89.9092566359852,68.7684946217358,0.25,25.283695294763646,19.167259931153772
2026-05-06 20:12:30,51.95920728197203,92.92983828381878,68.68154525146329,0.3449080600895278,26.207079887345632,13.602157416381793
2026-05-06 20:13:00,47.44756649312802,87.91524081098048,67.06670545519731,0.6,31.608498725307683,18.51833730741036
2026-05-06 20:13:30,50.80749960780802,92.3428418976546,63.67647413522275,0.3692095456047304,25.328979696945684,12.874349125570642
2026-05-06 20:14:00,47.495002909864134,102.35051617319631,68.72147030234423,0.5324592247840951,25.379226041613606,20.689288571623898
2026-05-06 20:14:30,48.54862442941011,100.82741446801846,76.60715946579244,0.320227506769106,24.622755767919056,14.198733822503605
2026-05-06 20:15:00,50.549179362901114,82.12240188941212,71.09825689186043,0.25,23.974491274171644,13.94838960580354
2026-05-06 20:15:30,49.380312923300934,88.57783728075316,67.94768945281791,0.5406581631846542,28.408151192675987,17.544152637326174
2026-05-06 20:16:00,49.107789315264576,98.7937970100267,70.18329578488853,0.3653715319090648,29.02511796432305,18.526715049427523
2026-05-06 20:16:30,45.89780942155089,88.5700274854074,72.80328275098563,0.5388088789569137,25.740529165557437,16.405756996096457
2026-05-06 20:17:00,56.54493186309999,94.59631948893093,73.70746511886637,0.6,23.181271467388935,9.981506064498944
2026-05-06 20:17:30,52.558376227932456,94.27563472717196,78.62807843873775,0.4622198042507667,32.04967196723785,16.050729128078512
2026-05-06 20:18:00,47.46491872072647,86.40101258093571,75.45655249096826,0.5505724784589477,30.850205963693643,13.374196875192306
2026-05-06 20:18:30,54.892814558013754,79.91603579733653,71.90800659069123,0.4019334915926253,26.75424852353204,15.614717674661513
2026-05-06 20:19:00,49.00911987235466,77.30236986327112,69.54148266448172,0.25,32.092745918946626,18.31150458304536
2026-05-06 20:19:30,46.46744846741523,99.31117819717909,73.24827266394469,0.6,29.240010784640226,12.572245885309815
2026-05-06 20:20:00,46.30124129469087,91.17850502541782,73.37446145020697,0.25,27.758539073146633,18.465069849532153
2026-05-06 20:20:30,50.296843151487025,100.55225179604712,69.5292433569543,0.49601262237047666,26.63592580073172,12.721954351153183
2026-05-06 20:21:00,55.97510844136035,92.09156493721456,72.19825157090297,0.6,27.242788879736626,18.30414421929845
2026-05-06 20:21:30,53.18699826820851,91.1521358541082,68.98338131341494,0.6,24.799066643481513,18.78727317826526
2026-05-06 20:22:00,47.688644794002926,92.56224918793295,76.41312804034162,0.6,29.407811853615087,13.222823455644821
2026-05-06 20:22:30,48.12558671289061,86.278546674359,68.35185964744132,0.41572887180552576,26.315870714628243,11.251527474034773
2026-05-06 20:23:00,51.382166612667845,91.7521664986014,72.91735224310995,0.25,31.08724420125585,11.908182361005053
2026-05-06 20:23:30,46.69376960184901,94.17048814615693,65.46416070277336,0.3270239036476296,32.28198939053173,12.486231200068351
2026-05-06 20:24:00,51.0337835651984,90.14476425509197,66.76836520285386,0.25,24.419127550677544,18.55106047753221
2026-05-06 20:24:30,44.0107821790746,92.2337291558781,68.54649765269603,0.25,24.92418940655424,13.613822515757464
2026-05-06 20:25:00,47.217508283321266,91.42606534109248,64.87259199115334,0.3513736104354036,27.24881793431732,19.83175995682978
2026-05-06 20:25:30,53.956973232603296,98.30515713946976,76.0997744739995,0.6,32.16889222696258,12.194567183124958
2026-05-06 20:26:00,47.45540555188757,92.61341794577443,72.24688726740135,0.6,29.06733205129713,15.857439349569681
2026-05-06 20:26:30,51.48328831318452,81.45779813005664,65.7409841357309,0.25366568992861394,27.86058384990771,16.534391824396668
2026-05-06 20:27:00,53.63142193212056,92.75958308196431,69.35422042571693,0.25,33.20403264551524,11.472059687087405
2026-05-06 20:27:30,51.11747509819095,81.87490188621649,71.78703035975106,0.6,27.59121566801732,12.822280604867677
2026-05-06 20:28:00,50.69653236599558,82.9862762839185,62.15533211961961,0.6,26.206807614789895,14.920302083988496
2026-05-06 20:28:30,49.399543647429816,92.00815062446239,75.67881230642354,0.6,28.55268847435856,12.996916294276648
2026-05-06 20:29:00,51.66871515501657,86.87605074252588,75.18119818606371,0.6,31.690420447292666,17.23265381521504
2026-05-06 20:29:30,48.66768620634588,93.6777794631046,73.29153567773542,0.5831695995210726,26.148678922034804,12.766265374204407
2026-05-06 20:30:00,47.558399924842576,96.64671250564662,73.60532967605518,0.6,25.870009066203142,14.649191713894739
2026-05-06 20:30:30,53.15702426076297,90.40066657926913,67.40404339987613,0.4456507700728836,22.122431369126673,15.753972865749311
2026-05-06 20:31:00,48.77119851294937,89.00981745497994,63.54381694215292,0.25,27.794576335983027,19.571731201197693
2026-05-06 20:31:30,46.798357543857925,90.46165344577672,70.59678230683033,0.2870364877377106,25.31154117561603,20.200316941940933
2026-05-06 20:32:00,47.07664589887254,93.76892253037374,71.10939088740425,0.6,26.726125961682694,12.986130710565197
2026-05-06 20:32:30,50.082573655917,91.30902583192228,72.89932267733666,0.6,27.60035631783057,15.187916346697545
2026-05-06 20:33:00,50.45199504157004,92.62542603699347,67.16729634081044,0.6,25.925843712752986,20.794311469072028
2026-05-06 20:33:30,52.509380949664795,88.97447924526229,67.26726480701363,0.25,27.17253963396939,21.00033377794004
2026-05-06 20:34:00,47.45213019229987,90.44761017381929,71.08588194466851,0.25,28.922640172749105,15.531975862568382
2026-05-06 20:34:30,51.056860162056616,87.01630975976718,68.03513430570158,0.25,33.20403264551524,16.73444055239888
2026-05-06 20:35:00,52.614636363465344,89.74346946706022,68.55108283166786,0.4488382294815103,30.198511580235987,15.709813958942595
2026-05-06 20:35:30,51.23486613029531,99.50248168958996,70.85853509449713,0.25,29.74294881616891,15.21673609677792
2026-05-06 20:36:00,52.15734054569005,90.39298218889117,70.64027007718133,0.25,32.21474764408129,12.153881369625658
2026-05-06 20:36:30,48.465166526300926,93.00905130249686,74.12575053721486,0.25,27.40615768144602,19.039873685253653
2026-05-06 20:37:00,54.32224448657886,104.79382570109905,69.0165576556998,0.5642162195352909,25.06719472274525,17.57709468994104
2026-05-06 20:37:30,46.08045270566053,100.17080224830642,71.87131764929428,0.25,27.231834138369464,15.928159843692358
2026-05-06 20:38:00,53.69528858022307,105.6697190351457,72.33045405995816,0.6,25.971409760042228,11.168212630354454
2026-05-06 20:38:30,51.21827271232921,87.0578485539183,74.53618730021293,0.45641034686041465,27.81385177311224,13.955412351366295
2026-05-06 20:39:00,56.90660071606784,92.00802352631965,70.06244182627307,0.25,32.121484531643745,17.249142494843596
2026-05-06 20:39:30,50.177009036501275,88.91891021417376,64.14555622540055,0.5636765965165356,26.896714301645492,14.843805201288353
2026-05-06 20:40:00,47.56312248502653,85.43028512101843,65.55478517544788,0.5773406659397051,26.801270651342676,15.990545064430576
2026-05-06 20:40:30,50.341265170043016,90.83091112081411,61.067957994989456,0.6,27.160788712301713,17.52251725058316
2026-05-06 20:41:00,49.033603811868055,90.21730479230916,70.04134408177657,0.3352285097189562,30.095645984280377,21.10684728855668
2026-05-06 20:41:30,51.7362003259184,94.84344085842852,66.92900483029844,0.5674901239399668,30.061310532843642,14.977457677872913
2026-05-06 20:42:00,52.402921369340156,91.10037654146437,72.53243043596571,0.25,24.820621578945026,15.401659667521185
2026-05-06 20:42:30,50.8409688498767,94.1361190659511,72.12079264321986,0.25,28.665970129730404,18.974697989700545
2026-05-06 20:43:00,51.65248814948992,104.71493365568645,67.61384370830805,0.5647051495084462,27.621905924183686,16.423051751651414
2026-05-06 20:43:30,46.811615851593054,103.97412488682855,73.78760659700426,0.28963525308089466,33.20403264551524,15.192315650858564
2026-05-06 20:44:00,48.35216714099858,81.62728302984178,78.62807843873775,0.3555738265514979,27.295611086164946,16.522112366052205
2026-05-06 20:44:30,45.23872834508722,98.9157411589025,75.75790291707575,0.25,26.372225112282223,22.52500047217038
2026-05-06 20:45:00,48.392833901953615,91.08104857818255,67.07934302561236,0.2595503048444897,26.045612200980205,10.218100487763579
2026-05-06 20:45:30,48.58543653296774,85.18702756602018,70.55244281784,0.25,27.839830109047806,18.572505704352533
2026-05-06 20:46:00,53.55218699332066,96.41506649361612,72.31562888492616,0.5294843405619797,26.662609135572495,21.248646928799612
2026-05-06 20:46:30,53.581674789786284,93.39400481246828,76.15596559267146,0.25,28.672568328151044,11.48925656427545
2026-05-06 20:47:00,53.78205732226617,96.51487969673467,67.68270715989603,0.2508078488111578,30.35221498246321,13.595740032191003
2026-05-06 20:47:30,51.924202421401105,96.83484691595444,68.44510600697018,0.371991181150064,31.663471387978024,16.59482883973401
2026-05-06 20:48:00,49.12143272232329,88.70320751498782,75.46753905364444,0.25,28.845604435803484,16.010343105572446
2026-05-06 20:48:30,52.87859118773699,89.5864866264,64.13947453340694,0.6,26.192430734182754,11.164684479774868
2026-05-06 20:49:00,53.8691831475882,86.36570652089206,71.233888659907,0.4768741859230319,23.821615635434345,19.377688313122988
2026-05-06 20:49:30,52.93966322377292,80.13106565037364,74.04120776198219,0.5558641894029279,27.65501748102612,14.969609374051528
2026-05-06 20:50:00,52.23628134431743,90.01540237783607,72.98202378536732,0.3279112680465533,25.056806693052962,8.650906161670774
2026-05-06 20:50:30,53.393158224937416,85.0411617362273,70.31174518824957,0.3562146090012029,25.12126220353206,15.228948532576396
2026-05-06 20:51:00,46.64998710019434,93.28563003811692,69.45013813350026,0.6,30.626522381390966,19.765061702020493
2026-05-06 20:51:30,52.3163332572165,93.67523385779762,65.14687522593164,0.38132020522925025,28.62295843385674,14.342524868437264
2026-05-06 20:52:00,45.05497445635825,98.20644167232004,72.16909706377342,0.6,30.63116876692504,14.263944994401044
2026-05-06 20:52:30,51.98637741929935,95.67141179871918,75.31689708466199,0.5919032877978037,31.857216040366268,14.323327758317655
2026-05-06 20:53:00,45.12620074674222,101.78909427298609,73.23107708657507,0.25,27.90029062451821,18.789898577094814
2026-05-06 20:53:30,49.49131451927065,81.91820810041037,68.93163515128464,0.6,23.525463074275695,7.486384034238858
2026-05-06 20:54:00,49.401024429232976,84.81431896296337,67.34545050513415,0.25,29.167872441623114,17.050441981381855
2026-05-06 20:54:30,47.261392308170365,94.51484530306043,68.25444379394641,0.454913056133628,22.803034975318,11.56969165723907
2026-05-06 20:55:00,48.49373682730435,90.57147732765057,71.71727273890578,0.29424963186622355,32.462699722832866,20.40617238040319
2026-05-06 20:55:30,52.05709995575728,95.28407372847066,71.51581018441124,0.52612828182438,27.718617726306796,17.110833584943506
2026-05-06 20:56:00,52.728181387795715,96.5294885902781,70.65717198336824,0.25,23.523883371648058,20.99022716861639
2026-05-06 20:56:30,47.90298620501931,85.34449635145296,70.42978103433059,0.6,30.025722370379498,17.658411041440168
2026-05-06 20:57:00,48.52537337517911,94.850055623628,68.0046581387725,0.25,30.327593793242826,16.125731644648244
2026-05-06 20:57:30,50.66549497947439,90.21154078793565,68.44602884502658,0.4034317496380721,28.94226016556329,16.091585100084885
2026-05-06 20:58:00,52.349638176438134,86.37216253524731,69.66748458463732,0.5773551123044051,26.494682358713746,12.73283213699225
2026-05-06 20:58:30,47.91031011567278,86.75777460949065,77.1358941591439,0.43246447810933814,28.54160811608921,21.483830871231063
2026-05-06 20:59:00,49.95984426895465,84.25543805927174,72.85737973708684,0.5471403792477245,28.265949749598224,12.748784710606841
2026-05-06 20:59:30,48.95140193920853,95.96464386098626,69.70943819908936,0.3962788245762742,27.06635373492783,16.836005521972158
2026-05-06 21:00:00,56.90660071606784,94.19162843173036,72.36372659327145,0.4443570770186444,32.43754276538028,13.541149269801346
2026-05-06 21:00:30,49.91799978454788,87.61732671162352,72.21738927846036,0.25,28.902965197669747,14.195325656924291
2026-05-06 21:01:00,50.290738881655436,92.67385703986027,68.70929087539432,0.6,26.105363493576675,15.670639884336266
2026-05-06 21:01:30,48.436261051393515,89.07601022130785,68.6832614521158,0.49149756489636853,32.17817762409573,21.84294049706583
2026-05-06 21:02:00,47.38557489368165,88.96558463644351,66.56259878262598,0.42831227944284295,29.356702911682028,14.719420525980748
2026-05-06 21:02:30,52.77989281363146,89.28710395094942,71.29551099595396,0.4555633086811736,26.27703555346636,10.160018860648275
2026-05-06 21:03:00,48.03095594890338,92.2108020234728,73.7349414465044,0.2839243049299075,26.643303944220794,13.94051993564934
2026-05-06 21:03:30,46.33235217726585,91.98378486970522,64.81704146175413,0.25,26.223159814234307,11.647708130758321
2026-05-06 21:04:00,49.39051533051421,93.33010241369198,67.1590527050292,0.31329660274283516,30.681157577539352,18.923190649628886
2026-05-06 21:04:30,53.84228649633779,102.51841514913289,68.63426884744801,0.3125408031877608,28.49659907455841,12.61246181322978
2026-05-06 21:05:00,46.65533156269912,101.65933088424885,66.69014736573659,0.25,27.567228827279603,15.672188484364282
2026-05-06 21:05:30,46.603103453481374,103.09645782718535,73.07788792138305,0.4808776945402207,27.430593998612647,17.62791712539177
2026-05-06 21:06:00,47.243925219573164,95.4538397973709,76.22523797792823,0.3467379910479378,24.341606182565197,9.492519839755564
2026-05-06 21:06:30,52.48324330646049,89.3633159993409,64.46232267581811,0.6,24.84243065883272,17.09028460685582
2026-05-06 21:07:00,47.703163608242015,104.14523216911519,71.44506208827856,0.5593851667592937,27.66329066076997,19.607581172258875
2026-05-06 21:07:30,49.35214358368071,99.38653818854726,66.17066642003252,0.25,27.022043771098943,13.330258246626979
2026-05-06 21:08:00,52.4890313499483,96.60737536776422,72.68415258857617,0.5556860310602016,25.02759044787227,18.27271123141043
2026-05-06 21:08:30,49.8555565527608,98.6477195807623,73.58647920334698,0.6,25.55749613429036,15.455380758695245
2026-05-06 21:09:00,51.15823486371154,90.214356806047,75.00333463255178,0.25,22.655359869135182,11.578436350178006
2026-05-06 21:09:30,51.50983391196435,85.11958566374327,69.45942127118472,0.25,32.77596508520346,14.99267607704567
2026-05-06 21:10:00,48.55156652372213,97.70030676143843,72.24951983509652,0.25,28.50416068274428,17.157392907539297
2026-05-06 21:10:30,56.90660071606784,97.88133072542419,65.49421743401784,0.41126260915644874,27.388153710321852,14.262718213616823
2026-05-06 21:11:00,55.63332118693725,87.72449276626324,68.69545691062268,0.25,25.481061629831444,17.746562387496724
2026-05-06 21:11:30,48.38548949703189,87.9201435364199,67.3946630028508,0.25,19.94262580182019,14.144776494203825
2026-05-06 21:12:00,49.10144784506529,92.47312949128785,72.67947810912752,0.25,25.94098341467563,18.85206825963052
2026-05-06 21:12:30,47.93687343680555,90.87023437281535,67.66480617411186,0.6,30.537880082022188,15.39646467103297
2026-05-06 21:13:00,56.90660071606784,92.22658620774853,72.35139099348731,0.3622334240277963,24.471004723945978,17.085817389202145
2026-05-06 21:13:30,52.56027473925566,98.6830092583618,71.64527719122137,0.3107955126841838,26.682045673223545,7.28879351634119
2026-05-06 21:14:00,52.259359651071854,92.9345198211336,70.99682659965609,0.25,25.77024493767793,11.248555459007871
2026-05-06 21:14:30,51.540785564681165,81.35333019652977,69.61046532560533,0.47459808681947085,25.08793198935033,10.127772492802913
2026-05-06 21:15:00,46.439711171369275,91.46521158009674,73.91069531599581,0.6,25.57332317873222,14.281987969489931
2026-05-06 21:15:30,48.982927076005154,100.21617677360854,78.62807843873775,0.5522394075133157,32.64949192678345,16.20695961397122
2026-05-06 21:16:00,50.354564682847325,95.28263026793357,73.18327030699218,0.38341540042010736,28.858022609859102,11.407815967458703
2026-05-06 21:16:30,49.57798178734446,86.783742770017,73.95405996407243,0.47822959109604085,29.658450149085276,16.66953279228692
2026-05-06 21:17:00,51.7131420014512,97.79596911207886,67.07254005883685,0.5087192715189526,26.747956641534216,16.18338319462212
2026-05-06 21:17:30,47.27810324153713,105.6697190351457,72.66362730200274,0.31473115420385706,29.333980313421492,14.570812715606317
2026-05-06 21:18:00,52.71687507050574,93.22972841736917,67.5270315084023,0.39541492774455067,27.421831842204057,17.68127601483717
2026-05-06 21:18:30,46.011159827373625,82.84373860258994,69.00237404834587,0.25,29.26582361783546,13.63996704415927
2026-05-06 21:19:00,56.897039006808654,83.93796520540715,70.05937873889457,0.25,26.30643005996994,15.645045238034655
2026-05-06 21:19:30,53.9731935479994,92.8788268980296,68.66202633469112,0.2781523852566956,27.970604551902557,12.468396882835084
2026-05-06 21:20:00,52.40106150539257,88.71720873041185,71.00889546586629,0.6,24.132624055326996,17.955764229017646
2026-05-06 21:20:30,46.515018286377305,96.75456851946612,71.6285792411548,0.6,29.258034989409147,12.861716515336205
2026-05-06 21:21:00,48.48922488286805,82.5258326384954,77.07191752542157,0.4285926399106454,25.239495077117738,15.933436651386831
2026-05-06 21:21:30,55.60180610367404,87.34642616652448,67.88760336486392,0.5414257903109745,29.747472500454524,9.787727204710261
2026-05-06 21:22:00,46.13807851843731,102.05143370472648,64.34198482552304,0.25,28.942482609325662,13.693597002473838
2026-05-06 21:22:30,47.967952757935564,100.76898544150144,71.8995811469795,0.564111787688504,25.843405646205078,11.874695924253182
2026-05-06 21:23:00,49.81676200007253,89.35078895249863,76.45779885629058,0.418687164254853,24.582030985074642,17.57568363482542
2026-05-06 21:23:30,53.23480455773492,79.83948113624305,70.0362994730031,0.6,26.93709130110602,14.917447976258748
2026-05-06 21:24:00,51.73712246542738,89.29869141389966,70.82648915931904,0.25,26.526983656940978,10.500520184362998
2026-05-06 21:24:30,49.6057724589279,99.90994583314266,67.32583522878141,0.5471226335467719,29.97602103323152,19.302540410765246
2026-05-06 21:25:00,49.87530415280982,90.81975897836159,67.91005310603873,0.48663717909837484,29.483027439740926,21.533049454807767
2026-05-06 21:25:30,48.85460835164845,93.27837329602605,71.43485475131132,0.2811932906144067,25.066111559896708,20.47807324298582
2026-05-06 21:26:00,51.82218074528914,86.8126375416499,74.1634918492494,0.2771127076490815,24.85613777417486,9.858449383761513
2026-05-06 21:26:30,45.92610538453701,89.0502113324221,72.41131708467864,0.6,27.317224001294107,19.75796732741456
2026-05-06 21:27:00,42.69443696439912,96.76245525392068,77.5037225035509,0.6,32.597795184873554,18.23290962290851
2026-05-06 21:27:30,48.198090619326834,96.07997761817599,75.47931660606439,0.25,27.702787477751762,13.106824121592323
2026-05-06 21:28:00,56.55951627181747,94.36377928609872,75.93833567381007,0.6,25.815359162046086,12.52292433190383
2026-05-06 21:28:30,51.91460148882133,94.75199019634236,77.31398242193559,0.4535905757843011,30.951219067116924,19.953258036838832
2026-05-06 21:29:00,49.60048057738911,87.37948463940295,71.40722911408676,0.25,29.075300677827258,14.207975469002255
2026-05-06 21:29:30,49.11107878297448,104.58386731357031,65.35247134922807,0.25,25.7769732398144,14.760341838997252
2026-05-06 21:30:00,53.33617178942111,94.23376411222874,74.19691582908126,0.4256207277570719,26.610015059174803,17.712415688492033
2026-05-06 21:30:30,49.02965112554467,100.05263080663899,71.1020466375808,0.46566537501444893,26.13311503390138,13.045353439934683
2026-05-06 21:31:00,46.71763064997916,77.12697903045186,71.25594677500698,0.25,28.206026838742556,9.297415044594853
2026-05-06 21:31:30,46.05943049480678,87.42128284029225,69.18845177418689,0.6,24.864229726775125,14.02232159431201
2026-05-06 21:32:00,50.39795364020418,85.49568762294884,72.30077049241274,0.25,28.10910922409837,19.258200082884187
2026-05-06 21:32:30,50.48579163433803,95.05304047178304,68.36861505597946,0.25,25.796775478646136,9.476242875887538
2026-05-06 21:33:00,46.478400912312786,91.00983912720751,71.05958511210213,0.25,25.640460920746698,10.747291405053934
2026-05-06 21:33:30,52.817119772655346,96.13315164726104,67.75758928826353,0.25,26.281070187748917,17.375323666232443
2026-05-06 21:34:00,51.415282429060966,90.72841314239913,73.06737123068382,0.6,28.111662987874404,16.306300926567282
2026-05-06 21:34:30,52.84048499557731,92.79277602216474,65.9262151093662,0.4179879649882021,26.197836860215514,19.56795636576682
2026-05-06 21:35:00,51.24362576730052,93.91109712787804,68.13206762946079,0.5682529718549288,26.9601545149242,12.466880432982633
2026-05-06 21:35:30,48.566257110666115,89.17202744257347,72.12274236746796,0.6,24.468833787903865,17.02575868853164
2026-05-06 21:36:00,52.96980485133439,95.85769638350067,64.38631173984966,0.25,27.97803416127631,16.479536160396492
2026-05-06 21:36:30,42.41520586532371,96.23014131232576,67.6258245157996,0.30009294749731263,26.086007257204724,10.577542317680123
2026-05-06 21:37:00,49.9695080287629,83.15951273182874,68.73941828045346,0.5602973712132376,27.86197235363251,12.742280801752388
2026-05-06 21:37:30,53.95995391280508,90.68153331116307,63.29831768210974,0.5324434192165209,33.20403264551524,18.540294588683043
2026-05-06 21:38:00,52.70784833130865,101.02225661818188,66.82876685144032,0.25,27.432743916242497,23.17740021085765
2026-05-06 21:38:30,49.805126556082456,83.64054544885784,69.4981320691263,0.25,31.3333063568584,11.466868050927488
2026-05-06 21:39:00,49.22219132543349,89.39700135647006,66.38370019813642,0.6,29.09294319651517,14.723168998323391
2026-05-06 21:39:30,51.27632811123625,95.06040439044867,68.45516786132141,0.3545221213751007,28.452400557154434,12.164978383596926
2026-05-06 21:40:00,51.675124639247684,101.33023132847407,63.715422815525905,0.25,25.089840944276943,17.91069680583802
2026-05-06 21:40:30,47.756559230347094,97.7583004671892,74.07401966680425,0.2990754217625588,24.4841397784823,19.633175022948247
2026-05-06 21:41:00,50.33625710439862,96.0192249916701,68.23658576272584,0.6,28.88716921763036,16.360596167477233
2026-05-06 21:41:30,54.18832754429603,98.58769174822662,65.3647617354347,0.25607512885566636,27.126105334511276,15.771548260641113
2026-05-06 21:42:00,51.38509694894633,94.55108166126602,70.56257213410525,0.44336746915316916,26.61052538885281,15.02963970110454
2026-05-06 21:42:30,51.062630514220984,91.71799790426034,63.44353816852712,0.6,25.829858056646096,16.977865585097287
2026-05-06 21:43:00,47.371406366308825,92.2701677805265,71.75844686308145,0.38286204470317525,32.110612698296364,17.166729579740807
2026-05-06 21:43:30,47.79237292704147,100.61482362775352,72.40478622228562,0.40201221142619725,26.506258871913293,9.946832023342324
2026-05-06 21:44:00,48.595353858943575,92.96573269557749,71.73072020097602,0.25,27.02712543204387,15.019169796701505
2026-05-06 21:44:30,50.50245967795959,101.42522823898155,70.05837674154677,0.40746820361883634,29.740824783233723,15.966503313841008
2026-05-06 21:45:00,56.90660071606784,95.59822709256632,70.48147284229552,0.25,28.167769920599763,11.14621367479879
2026-05-06 21:45:30,52.49444821076604,101.02048609271976,70.90916284658375,0.2637283817440315,28.765167233862126,15.752705301452767
2026-05-06 21:46:00,50.24991704727975,91.10625125857304,70.1847316924365,0.5029661986233985,28.963487548557737,17.97689721216751
2026-05-06 21:46:30,51.24145676683689,96.8155656458103,65.70831573569697,0.5969423315049155,26.855769694684117,12.403626180916968
2026-05-06 21:47:00,49.843698051691625,92.08031909166479,71.42786004233494,0.5053719992804783,26.28168611845964,15.369913227364576
2026-05-06 21:47:30,49.643321988322135,84.54246408521527,69.11515348670412,0.5142575109817237,28.89077624493735,15.405094046888971
2026-05-06 21:48:00,49.60663134649024,97.86002779562104,67.14207950455081,0.4071754532309213,26.23553506787566,16.078047048436677
2026-05-06 21:48:30,51.99509180120882,86.66568321868607,60.741313864123846,0.37550174280164733,28.61389818472759,12.56558118691262
2026-05-06 21:49:00,51.40383500668346,88.39584801995376,69.51195207148884,0.25,28.704371809479316,13.0661005769376
2026-05-06 21:49:30,47.38398450597758,92.39020880013646,64.23722437580537,0.3981615973062326,24.13433040266214,16.34452195420387
2026-05-06 21:50:00,55.11489744029247,90.70941270018258,67.87076120975192,0.6,30.521374606717995,18.212670139988294
2026-05-06 21:50:30,49.765149825297634,96.8654971856161,69.38180734627485,0.6,29.81704667243815,14.554741941102968
2026-05-06 21:51:00,50.79752232022807,98.84539958809998,66.58047523903957,0.4088499694204703,26.531010109665225,20.182189170097633
2026-05-06 21:51:30,48.6699509384379,93.81869691896709,74.4787253549308,0.5505690981687379,32.117873329099,20.539678872697678
2026-05-06 21:52:00,53.05551500524692,88.92042521389966,70.27611911366984,0.6,28.654477332253876,21.7463051054952
2026-05-06 21:52:30,51.326647949148885,72.6450220119495,69.30183238825569,0.46392403379670455,27.8958324299878,9.966534853696135
2026-05-06 21:53:00,46.70401257337152,90.91475323769032,68.28060726251962,0.25,28.824373004362094,10.52509966091312
2026-05-06 21:53:30,48.82929276590427,88.56603204481961,68.95198234485619,0.6,28.017846539532947,17.87855111972566
2026-05-06 21:54:00,47.05564817137051,94.07612415531877,70.68644470167031,0.5921954405443978,25.096168353703245,18.538243274794915
2026-05-06 21:54:30,47.62692647533265,97.21557856726125,70.52546981579333,0.25,27.898254239657817,13.039782670052544
2026-05-06 21:55:00,55.601013444550055,98.1511949773976,75.59376617661664,0.25,26.333696240652042,15.517771717015993
2026-05-06 21:55:30,51.98145331990432,94.49935020153515,67.4219718876872,0.25,29.67180713993667,11.66981679704957
2026-05-06 21:56:00,47.123871165943335,83.73051507866978,76.22833604392261,0.25,24.45310697270976,11.352158207405969
2026-05-06 21:56:30,55.89497859749977,88.97921272625615,68.31237096247409,0.25,29.056113891920855,16.197503087367085
2026-05-06 21:57:00,47.24739059603242,82.66771462029034,67.0792557778717,0.5645850702513067,28.951617438721087,15.379723270917264
2026-05-06 21:57:30,52.4730558065251,99.6002344687802,76.11546865076336,0.38296914376789065,25.785441614168583,14.142516371808043
2026-05-06 21:58:00,52.54345670494632,88.78267186827169,68.31282412789909,0.6,23.66051601536383,20.157328465581642
2026-05-06 21:58:30,47.355986248668785,93.86584691460888,78.62807843873775,0.3987187969158705,29.4290951599152,18.524186997598186
2026-05-06 21:59:00,51.41682998285255,98.03949363931977,64.35908961157128,0.5019132195480025,27.375754091653068,13.484912136899814
2026-05-06 21:59:30,52.749114526815056,84.24686868272815,77.18276366148282,0.25,26.519349004210234,17.022261523487757
2026-05-06 22:00:00,55.222156928878775,97.54665077869872,68.90193189299936,0.6,30.025935134863378,17.645131384314134
2026-05-06 22:00:30,48.95714883101417,97.50157459450737,68.17694915257538,0.6,27.465961792308757,18.349893701952862
2026-05-06 22:01:00,49.599191309415204,91.67421033306779,68.27919442170642,0.6,24.158473582194652,8.714116149612112
2026-05-06 22:01:30,51.39625332024719,93.99784296533592,69.2190396125837,0.25,25.11527174416711,20.57901935638226
2026-05-06 22:02:00,49.45512959340394,93.05968620176826,68.19820299773876,0.25,28.332074523192748,10.574629284994515
2026-05-06 22:02:30,47.50680570448053,89.12536821468427,70.76067651829266,0.25,25.66306404071207,20.74396516003259
2026-05-06 22:03:00,49.831441482778786,86.34852181168866,75.55319814540272,0.6,23.872867855865515,17.62471220013627
2026-05-06 22:03:30,53.02398978215042,93.81085115310066,71.2065354930114,0.3450694804523033,27.574309703446104,16.23571783432662
2026-05-06 22:04:00,52.25190631528665,91.30743543776161,71.4462346197592,0.25,24.781128291318975,21.14801752242401
2026-05-06 22:04:30,51.489676980152346,105.6697190351457,65.3059515014424,0.6,28.29742536874575,15.59875410789541
2026-05-06 22:05:00,47.80512910247467,87.3689875755752,70.08306033927431,0.3168378590819324,27.586798784149003,16.845685242584675
2026-05-06 22:05:30,50.20014815444491,94.72290883507284,72.21231666500597,0.3327637702632147,32.14926596978207,16.092883954691683
2026-05-06 22:06:00,54.05668464743558,90.27953719541657,69.7189515200975,0.5414423985172017,27.865350396135135,9.980670076110295
2026-05-06 22:06:30,52.020969419610935,92.30834293596556,63.00125173832167,0.25,29.78597092873682,15.335372705060442
2026-05-06 22:07:00,48.66678743021198,100.33843304851133,77.17708059417123,0.332896774762957,29.304520540323566,19.491768676824556
2026-05-06 22:07:30,45.54834850568107,97.34824590767079,71.66114665769382,0.4059423375727949,25.314552284047274,17.69770880202056
2026-05-06 22:08:00,47.36130823924081,91.05491429772744,72.96467677721091,0.25,29.297859575170715,13.275036599782936
2026-05-06 22:08:30,51.202672365927,86.3664872989296,69.56326385050443,0.25,28.45482844254321,14.009750528583774
2026-05-06 22:09:00,48.27035625773707,91.83374607052355,73.53618725106236,0.25,32.03217504157059,19.306913510548164
2026-05-06 22:09:30,46.784757252220054,91.7854786974478,70.2474810955823,0.6,30.470145199275155,16.183226545674614
2026-05-06 22:10:00,48.73760380342984,82.43591402225002,72.94206074139682,0.38169284656949043,23.33819034045451,14.101300361857549
2026-05-06 22:10:30,50.841520144495064,95.00344163910671,71.13990710876953,0.6,24.7927092969303,11.86040180081893
2026-05-06 22:11:00,43.134184695420544,94.59333447111197,72.21775773480465,0.25,22.645489602199124,22.606019696220326
2026-05-06 22:11:30,51.418379846690954,88.90067746256852,58.15853975594068,0.25,28.034913626163036,9.990801194099333
2026-05-06 22:12:00,50.37980706636211,88.16442238810424,64.23477786777711,0.25,29.62824631665515,11.81085271645432
2026-05-06 22:12:30,52.82450586684421,102.12880361826697,64.01743615134882,0.2547080507326113,26.462859068315197,15.972039489916636
2026-05-06 22:13:00,50.52025798966621,100.71771440719779,65.62065304993493,0.26680645608205894,23.431657854313716,13.830520702274859
2026-05-06 22:13:30,53.60219241721239,88.18175881322352,70.31062833619642,0.25,28.413021015050965,16.49359106983316
2026-05-06 22:14:00,45.55384949512503,91.14316081694744,70.5048497839408,0.25,24.287191046904546,18.295172773702777
2026-05-06 22:14:30,48.26695964211173,96.73379755019776,64.81053682479427,0.6,27.521199609212466,18.25707831984758
2026-05-06 22:15:00,45.11496880718657,83.27932786295268,66.02555911430247,0.6,25.537842613832836,12.444271911984544
2026-05-06 22:15:30,50.64902873070563,90.79220578768584,68.62514695252953,0.25,29.024152874011207,14.427446678241425
2026-05-06 22:16:00,48.03766564863038,92.81902744902676,70.48527735937223,0.6,28.665212682940442,16.52421029623114
2026-05-06 22:16:30,48.578670251255836,93.44198462335372,61.654845541092605,0.5492618586042304,23.09624225550122,18.19507439727332
2026-05-06 22:17:00,49.45239324929999,93.32186968156479,64.58951598844831,0.3457221341186548,25.011691414945513,15.012200745702796
2026-05-06 22:17:30,52.86311337711638,105.6697190351457,65.19376648140756,0.3022084695760746,31.570566931683278,13.73215470852918
2026-05-06 22:18:00,49.36309544408963,95.26495156899232,71.66813361850973,0.6,26.662310188540733,11.33084320480842
2026-05-06 22:18:30,51.276046993525625,90.82131350024386,72.89116196561788,0.4664678553928508,27.02033873130459,18.39118769603943
2026-05-06 22:19:00,51.38736021686486,89.2331928026693,68.13535199801841,0.46248398780602973,31.71690663091448,18.292844883851192
2026-05-06 22:19:30,51.860441775002315,92.10000300148316,70.10968400676525,0.25,27.363183160817123,13.567745986660885
2026-05-06 22:20:00,52.644881367365535,90.94605980966634,63.012269688789566,0.33139987168535584,23.676153741397833,15.16602578832812
2026-05-06 22:20:30,49.895150699219506,100.92116410363873,66.88749673944042,0.6,29.272249657122728,20.352326017799086
2026-05-06 22:21:00,44.28888150231923,104.61849956476772,66.83020723968855,0.301814036860625,23.672450231579973,11.218724134194476
2026-05-06 22:21:30,49.29901780796789,88.99613194220241,70.76024992652496,0.38827986336472864,25.925048997332887,20.09320658142666
2026-05-06 22:22:00,54.65249255493256,89.34193719953493,72.6565893973745,0.45936371840938095,22.89220556280255,13.942176217506917
2026-05-06 22:22:30,53.60701635784212,94.11383963720752,72.3915580606067,0.25,28.509919129653504,15.32665612295904
2026-05-06 22:23:00,51.52477518707053,83.47962337911014,68.3358744813384,0.4889482071077697,27.40031158038844,13.372226221738572
2026-05-06 22:23:30,52.743570084245,94.3142464274069,66.28145066692727,0.5694294051108658,24.62860373384933,21.399712047292724
2026-05-06 22:24:00,52.016543516066974,94.32594560181606,69.60009846258907,0.5106123058935452,29.524600670902025,16.88451903153985
2026-05-06 22:24:30,47.399631894843935,90.38386997105638,62.06218181114319,0.47558742340694227,29.076336494874134,17.160379195446623
2026-05-06 22:25:00,46.6590199526485,94.92976958957458,64.62858420705675,0.6,23.539628613729906,13.414849848085067
2026-05-06 22:25:30,51.429807276158975,93.93800414204968,73.34228570512073,0.25,26.370268174812573,13.039700735910555
2026-05-06 22:26:00,46.17877977026911,90.22144670455909,68.54738566442329,0.3693672705354967,29.73944533188136,14.838287109380955
2026-05-06 22:26:30,47.555605901271576,97.49523852777271,74.15851629310038,0.25,28.350029177263238,13.250996860756846
2026-05-06 22:27:00,47.72929717800226,91.1851702535787,74.6161204650076,0.6,29.912371778342248,14.13603931161099
2026-05-06 22:27:30,49.686228743226295,85.88799288418194,68.02794567228784,0.6,29.46181684997887,17.80335658084923
2026-05-06 22:28:00,47.99847725323742,97.75240967953384,64.47932931632938,0.6,23.378023540333864,19.83890384691401
2026-05-06 22:28:30,48.96789566011528,84.49462432920414,69.69717219249814,0.25,26.95100514059767,13.558366984175793
2026-05-06 22:29:00,50.91489400000566,99.01435498100628,62.30297515769557,0.25,24.18674043479,18.191744912011586
2026-05-06 22:29:30,53.18393575165602,104.47640218381503,72.52121459357784,0.25,32.42415958185638,17.730767764885275
2026-05-06 22:30:00,48.6426663975228,96.19439140800984,73.6977956635201,0.36701555737557184,33.20403264551524,15.35316696236038
2026-05-06 22:30:30,56.90660071606784,83.28257594961512,70.71040492551487,0.25,27.404432724416363,15.496974933092543
2026-05-06 22:31:00,46.94386938031444,87.90629054756789,61.653151916223564,0.6,25.874396079634963,15.017503864022629
2026-05-06 22:31:30,53.75640648147686,92.01415671050036,76.36275269707477,0.6,27.26901063846316,16.046527226390847
2026-05-06 22:32:00,54.5042202858733,82.77586314761767,72.06404601232703,0.25,25.7103651528299,16.077068483706647
2026-05-06 22:32:30,51.243807261726246,87.61208955420044,65.7240768141479,0.6,25.590936326503172,9.252184234640659
2026-05-06 22:33:00,50.45693511916092,87.75632967476133,64.7846689301712,0.25,29.93315955872024,18.59657563430218
2026-05-06 22:33:30,49.7606797787691,91.36025049474078,71.16267104702061,0.36324511857969216,25.438627623346207,22.318943320700402
2026-05-06 22:34:00,44.72232109889559,93.99746837643727,70.73310855699512,0.49804526665928806,30.366974619024077,14.018461653908403
2026-05-06 22:34:30,50.73304845001012,86.85054587479584,72.31613173769345,0.32611435745746703,24.89842705103631,20.985273492811263
2026-05-06 22:35:00,42.6949250916691,95.9423091092978,69.81118385916794,0.2931868437091236,27.00368434205803,14.274786383721352
2026-05-06 22:35:30,47.91190659652226,91.84392032361411,68.07752459320852,0.25,33.20403264551524,11.802215337780378
2026-05-06 22:36:00,50.510877382016325,88.1627822807785,71.06336068535406,0.6,26.344525236074773,14.688202076394965
2026-05-06 22:36:30,51.05730131845662,86.30206135306922,62.715072491280814,0.3989322834103777,26.515218319360073,12.213688485138583
2026-05-06 22:37:00,52.98601978593244,88.8568560846793,63.27021519522642,0.6,25.841028240924786,21.792765716873575
2026-05-06 22:37:30,52.12661593172609,93.9640615643559,63.00548887011649,0.49902018612345267,32.05781905931575,19.83957665923066
2026-05-06 22:38:00,53.56750049010375,92.50167069929815,78.62807843873775,0.6,27.753018464381405,8.678346452024126
2026-05-06 22:38:30,48.89133363493849,99.55462664830873,67.99195034150877,0.5182513703129863,26.365954150775295,18.55850705589244
2026-05-06 22:39:00,50.29462753652433,92.73794167334918,67.18532311637283,0.5680553737788984,27.5973458290105,18.946320136029275
2026-05-06 22:39:30,55.67926515059616,88.64865517502908,67.89020632036382,0.25,25.34535698391185,16.949391095888693
2026-05-06 22:40:00,47.35763398210999,86.34166118022077,67.38315773665553,0.5662560062423503,28.83214651175028,16.720148854746018
2026-05-06 22:40:30,50.54421199244255,99.45558584910104,69.17342140880146,0.25,24.83058545895369,16.3145394024536
2026-05-06 22:41:00,49.255773716485415,93.99348552361555,72.91861785817656,0.25,26.026392501325144,14.081980878222176
2026-05-06 22:41:30,47.654753959110856,90.23193324315173,73.93710729835827,0.25,30.693458911023285,14.655057667011885
2026-05-06 22:42:00,49.319662398446866,88.9886701658402,76.3397951169136,0.41999180118341134,28.681321698690013,18.062728992790287
2026-05-06 22:42:30,49.16552881429323,96.49432725998702,74.12126843834037,0.25,28.522133549616093,12.428076958954078
2026-05-06 22:43:00,48.73709146843876,92.24157528183584,69.08109038682372,0.512520275767567,30.854537866305733,21.82521776587177
2026-05-06 22:43:30,52.2838523774585,84.56254266363524,68.32528195719448,0.31147814291789777,30.780565155177964,8.329819527061904
2026-05-06 22:44:00,50.502379871548236,95.89477959650807,71.46236660363888,0.43602520522417787,29.300511697816958,15.427505236351756
2026-05-06 22:44:30,49.2725153385896,83.31329439509291,67.71660425383443,0.5763242399646438,27.39225846182135,14.94618154057669
2026-05-06 22:45:00,54.62478483253171,82.68249516770189,66.82220940695183,0.25,26.323765551047707,18.39300957670746
2026-05-06 22:45:30,52.95146358917837,103.2216631982073,72.7664803028815,0.6,27.79884692688042,15.752751711622198
2026-05-06 22:46:00,53.63144988664607,92.09166420815744,76.94542153663139,0.6,29.50238794295049,17.33329697129683
2026-05-06 22:46:30,52.75084768614002,93.45660089300353,72.53246705961887,0.25412381923604016,26.174489298598395,13.075723246102331
2026-05-06 22:47:00,54.019840565403584,93.98185501479975,69.22898138952525,0.2821048472762688,30.109412006477026,17.923325907110982
2026-05-06 22:47:30,52.27484663961619,94.72459405138883,71.70865504534083,0.25,23.544994405238594,12.109397333326195
2026-05-06 22:48:00,50.419665314749786,103.44371670260306,71.70754062474799,0.558014775753642,26.857926832396963,14.637787579744158
2026-05-06 22:48:30,53.87645409479565,88.57344893495197,66.02643338314765,0.31364097884294523,32.92663997219855,14.801458422470741
2026-05-06 22:49:00,50.72682605261219,97.02290039965992,76.65751660976231,0.25,27.077387492127723,10.76670634309293
2026-05-06 22:49:30,47.74995644806368,88.80817506956713,73.36575601508639,0.5106382440990839,28.684587726113772,13.394190550472668
2026-05-06 22:50:00,52.252975915073,97.42828529705197,65.85781614121066,0.43295880166507805,26.794056391085793,15.278769350891958
2026-05-06 22:50:30,48.25961471336624,97.68054140412804,68.65672298722322,0.6,28.324455569582778,15.56494697108947
2026-05-06 22:51:00,53.93629295504918,95.47767240251736,68.28507928140102,0.6,27.57666719261235,15.946507769926196
2026-05-06 22:51:30,53.89285870412926,94.49191703576948,72.33883248339293,0.6,31.13607838517339,12.592117505847032
2026-05-06 22:52:00,48.57826706953822,87.08149028560477,69.41963308760482,0.25,26.203906145077408,10.461151728422754
2026-05-06 22:52:30,53.80366643383845,88.374685404685,63.266134154151146,0.5871471786707716,28.016469978339323,14.268261690333464
2026-05-06 22:53:00,52.64695066176055,81.5507153249457,75.77505087699542,0.2839840816962498,30.309377247157357,16.783938165656963
2026-05-06 22:53:30,50.496434742438446,104.20388830122234,72.33766494964192,0.6,26.567171697940186,16.33052318416617
2026-05-06 22:54:00,53.96550191992388,92.0259799402393,70.06356985133263,0.39114399495322116,28.608196641918486,17.272047284247147
2026-05-06 22:54:30,49.25442371236611,93.57177944078035,74.67594216753125,0.6,27.194042567704177,3.7694576331194707
2026-05-06 22:55:00,45.207007523929555,96.2998612224589,71.1314251699003,0.25,31.242909870854124,21.004386449925263
2026-05-06 22:55:30,51.93175792727911,97.87506851425864,70.98467735189674,0.25,30.693043472723037,12.597546083141093
2026-05-06 22:56:00,47.13627347309136,94.08194310568638,71.3999522897717,0.37254702113228005,27.438335098928057,18.874273376171658
2026-05-06 22:56:30,51.96450539717468,91.30321582634745,60.10073019405227,0.6,28.785035371829,12.013568027981815
2026-05-06 22:57:00,51.274286985345995,86.769894451862,62.76626306971448,0.25,26.545128510920208,12.517519745988047
2026-05-06 22:57:30,48.268805203496925,88.47468408260143,68.15676243538194,0.335055979590067,26.83234991054004,14.442480792019081
2026-05-06 22:58:00,43.268073457942045,96.93865687682546,69.50991729767922,0.2933220546341639,27.0966802347727,16.33081260913661
2026-05-06 22:58:30,47.992775363146826,87.47308588258056,69.39428831682288,0.25,22.1247078575328,14.971138853256518
2026-05-06 22:59:00,46.38983841040089,86.51376088970194,65.44109011778465,0.34036145519405003,24.697692989446853,16.15329593645112
2026-05-06 22:59:30,56.661577492762945,101.00010141389973,70.62652870096727,0.25,28.75309385324064,18.444230964027227
2026-05-06 23:00:00,49.80788330853896,91.97587023114308,64.65842380526433,0.25,23.986547330822507,11.703426307324884
2026-05-06 23:00:30,50.38497969101919,93.95301911111814,70.00747704549383,0.5218513211015376,30.155719020193157,14.978120577945818
2026-05-06 23:01:00,55.327439567455684,93.15427831419635,70.3352584564544,0.265113875198692,25.35996960955873,14.14978295260119
2026-05-06 23:01:30,50.4091263990068,88.87808814134587,74.80257951473047,0.46975437371363626,26.627465180762798,12.150339395540872
2026-05-06 23:02:00,50.35836515719927,88.92857552240203,70.55435273625856,0.6,31.175711778005756,18.44064172556921
2026-05-06 23:02:30,46.50295959014607,92.92734107063217,75.84873428992253,0.6,24.590738444987448,13.939497084818088
2026-05-06 23:03:00,44.82909439857596,96.16556147948188,74.2834406765494,0.4014410195961312,31.522034657009357,10.179221397586218
2026-05-06 23:03:30,48.89161446142037,88.83975010726223,68.48259957415164,0.6,24.98811676014852,15.325968299179971
2026-05-06 23:04:00,51.0418094707507,89.12217156320067,65.95354114632848,0.5943829149181312,25.62261220389795,17.009414624107812
2026-05-06 23:04:30,52.45554073299164,98.20897492602319,68.05850701322642,0.27348446457741193,28.428837688402567,18.504516375661066
2026-05-06 23:05:00,49.50592330040247,93.02149290661666,71.0175084879828,0.25,26.02301444701203,16.304440432590578
2026-05-06 23:05:30,49.08139976846038,94.64934650934903,67.6181691270364,0.6,28.29088429273884,12.401073028115718
2026-05-06 23:06:00,47.67966805872311,92.94796723592482,72.45704492357508,0.25,26.87707765999182,12.471924860367594
2026-05-06 23:06:30,50.470120592066706,87.81983439890388,63.330009709467554,0.25,25.503081516133182,18.431863179016624
2026-05-06 23:07:00,56.25419354830592,88.70132923771473,65.51158056839037,0.6,24.18895558391075,11.357955456795622
2026-05-06 23:07:30,46.7808788096219,95.43554959806768,69.70475181739512,0.6,27.941855242839516,20.012103064242563
2026-05-06 23:08:00,50.802138934880304,78.21949051520389,66.72053193707815,0.5156751628882392,31.04973539211935,16.86980535842765
2026-05-06 23:08:30,49.18555727999683,96.93228105661578,70.59427886929946,0.6,26.80920330617047,12.444465246345583
2026-05-06 23:09:00,49.75814964018382,90.24817817109614,69.79925119252151,0.4719235837447101,28.108874567960733,10.573921946968536
2026-05-06 23:09:30,51.89970756898221,87.16359825271341,68.71728409498206,0.6,28.21013392333996,20.306368206044276
2026-05-06 23:10:00,56.90660071606784,94.16647475909109,68.35450007922974,0.29557418744769115,31.53694723825719,18.74317149232151
2026-05-06 23:10:30,51.726235190756675,92.4447644579305,77.4762437621851,0.25,27.343190650468667,20.66928439968338
2026-05-06 23:11:00,50.08372381547302,84.65621786285965,73.22571267372058,0.6,31.595257468791637,17.13691498846784
2026-05-06 23:11:30,50.43398093610439,96.09951351291816,67.2899518646444,0.5247388027448514,29.58860164620863,14.597593091929657
2026-05-06 23:12:00,49.1926995228886,80.83456082960214,78.62807843873775,0.4368114952652629,28.567831963995268,13.326713471173111
2026-05-06 23:12:30,48.10639577396113,96.50877378007743,68.17682334821379,0.3487334154902398,22.17437524943181,20.649319468356904
2026-05-06 23:13:00,49.6329291580939,91.84910844189771,68.55884757112568,0.6,28.239866738796128,15.590478605599618
2026-05-06 23:13:30,49.96548409760325,95.64970671055664,69.94907557452935,0.2613324672832228,25.30122414187251,23.17740021085765
2026-05-06 23:14:00,51.08525665698719,98.11215923762961,67.96500646519395,0.6,31.555140454474028,16.33016198785185
2026-05-06 23:14:30,50.309810757511485,102.62652281815672,69.61542514345273,0.28654601522339346,26.417127414718315,21.697959906098077
2026-05-06 23:15:00,51.107885510590556,97.67838505274057,67.92055406703349,0.6,22.221494047485272,16.400923993350617
2026-05-06 23:15:30,53.59815083973021,95.38644973915511,76.0222348965087,0.6,25.03949929716284,19.208633034531204
2026-05-06 23:16:00,49.18624056994352,91.15225201184238,70.69306101000834,0.25,29.416230039690426,23.17740021085765
2026-05-06 23:16:30,50.787053658931136,101.28240249266258,65.69107074920662,0.30431251413612376,29.836545090252233,17.046560205062978
2026-05-06 23:17:00,47.407833782403586,87.16432114063507,77.88956958393146,0.33161661413172755,28.887268815836794,16.160533404955657
2026-05-06 23:17:30,51.5921453386993,92.60742243881268,72.06481292148734,0.4707988874637105,27.08182529116344,17.65660216144971
2026-05-06 23:18:00,46.733476840565515,94.46685949553941,72.84978523277864,0.6,28.253698876053228,14.858464122747863
2026-05-06 23:18:30,44.78276203736995,88.15724184421478,73.77369962845091,0.25904965141899494,29.181830110035527,22.204681452489254
2026-05-06 23:19:00,49.2769706727877,90.20700808344581,65.04715729119167,0.6,30.19115843270037,9.903333296697909
2026-05-06 23:19:30,51.855850323913025,91.86330250282836,69.37569537247263,0.5524512485550663,24.183068992536757,12.489501024840134
2026-05-06 23:20:00,47.560013635031964,93.98411551846452,70.89433580710416,0.28059600795452827,21.534619472362824,16.52104415213928
2026-05-06 23:20:30,48.338056724662444,103.57577088207736,68.9011515281417,0.6,30.669676625584913,20.737371226748333
2026-05-06 23:21:00,49.266430195721505,86.94529203463942,74.89697725616286,0.6,30.31925720451915,10.767226640644342
2026-05-06 23:21:30,48.04323127740155,87.7685017686056,70.36328467509692,0.4268088278471143,29.336938680719157,12.698154188026617
2026-05-06 23:22:00,49.957052845715594,105.6697190351457,65.12633982803445,0.36988797069283763,24.084399120497437,12.912254445648312
2026-05-06 23:22:30,52.795656880426826,84.1108161399969,67.1725786111741,0.30891704744924653,31.6285765128372,15.39029762512832
2026-05-06 23:23:00,52.5942103600565,86.35862533523955,65.47470781964033,0.5443404067100722,30.039445340409465,14.046643076695313
2026-05-06 23:23:30,50.515080036774265,89.68444682725458,74.51365053927822,0.25,30.480384727355045,10.000832707017313
2026-05-06 23:24:00,54.315054788020205,93.53727231648485,71.90011454710798,0.6,26.52200180489467,10.822266573523908
2026-05-06 23:24:30,52.943216633096974,82.34801847694831,63.229290653451024,0.47334753536220425,25.636964807485498,16.020247548052318
2026-05-06 23:25:00,48.9774979056872,88.90632507938818,72.41356136839298,0.6,26.61519247504271,16.720088710127285
2026-05-06 23:25:30,56.90660071606784,98.8334883598522,72.66519500341202,0.6,24.425027112527893,14.726554426947827
2026-05-06 23:26:00,47.39340789582577,97.04240090577635,67.24897555562514,0.29496963341365334,23.4907035807711,15.116315540076835
2026-05-06 23:26:30,54.02486307887018,94.06060595752967,67.71723063549396,0.30923257686162686,27.806049296915845,10.585349323250423
2026-05-06 23:27:00,48.19622700184641,94.48736338604427,69.11415578908144,0.25,27.202494232366657,19.929046875509513
2026-05-06 23:27:30,49.61036962135966,91.91342822907207,67.41117623578292,0.5982068476290617,31.599530199564228,14.895862569631976
2026-05-06 23:28:00,51.26015055545888,94.20806998187862,64.35198324279101,0.25,24.39306728346721,9.578355533097131
2026-05-06 23:28:30,49.32224158241149,92.80489716022366,69.31096280869365,0.25,27.247522736691867,14.955911140450926
2026-05-06 23:29:00,53.897302164127964,81.55274149049816,70.99990445930626,0.25,25.659404024248605,21.879690200516183
2026-05-06 23:29:30,51.16782169755072,105.6697190351457,75.61395830371745,0.6,25.96891056420244,18.386809673862423
2026-05-06 23:30:00,48.721903099307816,79.16450123209522,71.95448164946137,0.25,28.20071914661644,19.112139233840445
2026-05-06 23:30:30,46.641715008439746,90.80286322075348,73.85212989626613,0.6,28.183581745794363,15.469170079445426
2026-05-06 23:31:00,52.14102278085836,86.36871277469612,70.69828791736442,0.25,27.261493546751094,23.17740021085765
2026-05-06 23:31:30,46.97213117218941,87.55209071515058,64.89355074640352,0.2843346030692292,25.347682450360537,15.99288532202361
2026-05-06 23:32:00,54.4575273816161,94.17888789211423,69.30689097279487,0.25,22.212490173824243,16.357334100440855
2026-05-06 23:32:30,46.9402175031634,100.3755115976039,68.06643370630275,0.6,31.55215158279295,14.489453405163605
2026-05-06 23:33:00,50.712631978916555,86.06045755808837,72.37274863112333,0.46131221681277385,30.26044319842693,11.589932122035522
2026-05-06 23:33:30,49.02849241093843,88.55365592631796,68.34146415293786,0.40210178926788437,30.551812804332524,17.620047920254535
2026-05-06 23:34:00,51.37354703783952,84.98007051639091,69.38543652654381,0.25,25.020673756204445,15.522638641398304
2026-05-06 23:34:30,48.36156809384124,92.8045553040084,72.70148497407416,0.25,26.681457513145837,12.888781528265444
2026-05-06 23:35:00,49.60258958758471,87.87036239094596,69.82987037688046,0.3743442082752393,27.577450011242558,13.053373859589072
2026-05-06 23:35:30,51.709604477399246,94.56443005704125,72.03110373857884,0.46385585168065036,24.225190389656046,20.88687630943258
2026-05-06 23:36:00,49.37029676946822,94.12948973859213,69.4514233295806,0.37913734403045596,26.970121946127755,13.686517693481788
2026-05-06 23:36:30,50.89014340434288,88.64184810320468,73.1785119869974,0.25,27.849104770291618,15.130400758787038
2026-05-06 23:37:00,52.18716786075678,103.84492652261508,69.20365546903346,0.6,28.56465210546498,14.938173600260837
2026-05-06 23:37:30,48.77683443195995,95.97665931625247,65.0120902348992,0.599330229859133,29.280788528969495,17.751003375594912
2026-05-06 23:38:00,53.518760175041095,96.23984081282616,71.16918867796615,0.5309039259763741,28.557398995195168,14.220100397073754
2026-05-06 23:38:30,52.15995736804061,93.57020707078583,69.68332669523971,0.6,27.708243586652927,12.102420182765323
2026-05-06 23:39:00,56.370901017289306,83.21159307897733,70.57108540740602,0.6,27.260641633061105,15.763614608222177
2026-05-06 23:39:30,53.0748532543249,99.42870124481706,67.94131898210449,0.2676447524392847,25.160324338018533,13.948312429547524
2026-05-06 23:40:00,52.66818124151519,96.85009934184177,67.581586866315,0.25,29.919258161021904,15.591291402330244
2026-05-06 23:40:30,43.898331197533054,96.30271268014408,69.95236156217649,0.25,25.885745762709167,16.686664055629358
2026-05-06 23:41:00,52.210541017105996,85.88124066238787,65.85244921210911,0.47012826507430944,24.494293396082156,16.234648334206227
2026-05-06 23:41:30,48.53922970056193,85.11218075839435,65.30223924218488,0.6,27.26325609142872,14.335929009018432
2026-05-06 23:42:00,45.956438341173815,98.34357040912874,66.49285146307741,0.37017512882934256,27.45441283651866,14.807717682543178
2026-05-06 23:42:30,49.21364652527548,88.18735549630794,71.8880287684696,0.3827327313707822,29.24740046832517,11.90928016186662
2026-05-06 23:43:00,54.10971561400523,88.2397151873244,71.91210242639195,0.5210136357081175,24.47304537040577,18.269923591842772
2026-05-06 23:43:30,48.13078282086472,96.17856478626909,71.5611705927722,0.35266820338561433,29.46804671630469,12.384642721703118
2026-05-06 23:44:00,51.66619106423408,96.029488480612,69.29404051670714,0.25,25.086172845195463,14.422547424500777
2026-05-06 23:44:30,48.37108636693897,100.90964050486087,70.49726604774077,0.25,27.500272799262998,9.4304540498569
2026-05-06 23:45:00,50.65963486992365,93.60287823167957,67.37738254056063,0.25,27.844904993326338,15.745954176106823
2026-05-06 23:45:30,46.56367942539431,105.6697190351457,70.51455690973003,0.6,27.752560886352466,13.839046313995034
2026-05-06 23:46:00,48.04306379746423,101.47219744255365,67.39317303323861,0.25,30.41898551293502,20.022618121554405
2026-05-06 23:46:30,53.03131326429997,86.62329090471377,69.47607674633237,0.47644593917136674,31.554975518591355,21.044567649473848
2026-05-06 23:47:00,44.63837327460834,95.41719767206168,73.3689851985237,0.25,28.259126953203413,20.278090430183926
2026-05-06 23:47:30,48.1248625123555,83.02000739399618,68.66594249015166,0.25,29.255909500352676,8.24845995107096
2026-05-06 23:48:00,48.99491647650131,87.6689432778231,69.64266514000664,0.3561688231786231,30.780162722477762,8.97140807750782
2026-05-06 23:48:30,52.6291427706395,95.82198702634452,74.19146319089806,0.6,30.962213627045276,12.852006141662145
2026-05-06 23:49:00,43.331304001483474,83.01134388881017,66.67035778389024,0.25,28.14108844622187,11.737606462710206
2026-05-06 23:49:30,54.10796513603236,94.38008340477887,68.57373051681624,0.25,29.10548318993436,15.651534752370614
2026-05-06 23:50:00,51.81228762803291,103.50444473377728,73.82327134330205,0.6,22.819171396659293,12.510205040025545
2026-05-06 23:50:30,53.23900494095485,102.18411242932491,65.80948223250701,0.43655542566973377,25.172339707322962,14.450612022021414
2026-05-06 23:51:00,51.533467885938855,86.55594338495052,66.0352838752102,0.6,32.249313903493864,16.43714178512715
2026-05-06 23:51:30,46.63112319860115,88.61611065608732,76.12561634482839,0.2515233858529399,27.84112185179384,17.782908628006183
2026-05-06 23:52:00,50.663485795825565,97.28704546023918,70.24068663250065,0.3532314896152115,21.993645720389082,21.17497613710791
2026-05-06 23:52:30,50.815314760519655,85.9342094464977,71.28728065618441,0.5649412466189566,28.381217318570968,18.8868035086609
2026-05-06 23:53:00,53.98687926653965,102.78246223541335,62.73622805979955,0.4593342714923439,25.249312729587853,9.626343825572404
2026-05-06 23:53:30,44.86133762088106,96.72325559828818,72.2739711541165,0.25,27.360716971574476,13.6630936015064
2026-05-06 23:54:00,53.39112663950155,88.37210010683962,71.53353409022947,0.25,23.577785131531996,17.205594304526613
2026-05-06 23:54:30,49.33629006483812,92.55053758186418,68.89345597924815,0.3651808931481831,26.230572852728322,17.24626119945577
2026-05-06 23:55:00,53.19602652568199,82.78096188281184,66.60235142196372,0.41749740078163444,27.211844315970954,15.782506414152483
2026-05-06 23:55:30,56.60698148336635,87.17466652367374,68.06670823928019,0.2921135991645328,28.54746929175515,14.841807937121477
2026-05-06 23:56:00,48.87229849897434,94.74733518385749,70.32342024915911,0.25,28.243916353897717,14.941052792483877
2026-05-06 23:56:30,51.794308741243114,92.02495900334316,72.30121235507556,0.5196303095291658,28.54191073613358,19.543536682754603
2026-05-06 23:57:00,49.67017068744893,91.48735254523855,63.60185345843486,0.5030903536399172,23.348805585811355,20.995973937135062
2026-05-06 23:57:30,48.00739297829529,89.75209918480527,70.77363156814096,0.5311433011874029,30.850028361570928,13.562817668720362
2026-05-06 23:58:00,52.474416651243985,93.53476029625733,65.20012788434406,0.43592058534273065,29.60320242298242,16.874200140619077
2026-05-06 23:58:30,53.41972025539451,101.45561208857626,70.18979864618012,0.25,28.814723358693442,12.207916444919366
2026-05-06 23:59:00,49.358387329338385,90.58575204243256,71.42306307602938,0.25,25.886575251547637,18.639580470845992
2026-05-06 23:59:30,49.89584003009293,83.78815559367189,70.97038552788334,0.6,28.083822898393414,13.37432238050054
